,Date,Symbol,Open,High,Low,Close,Volume ETH,Volume USD,type,color
0,2020-01-11,ETHUSD,144.72,145.25,142.11,143.04,14983.36,2153751.08,,0
1,2020-01-10,ETHUSD,137.71,145.81,135.26,144.72,136708.78,19322754.79,Rise,2
2,2020-01-09,ETHUSD,140.6,141.38,135.12,137.71,61185.0,8450308.16,Fall,0
3,2020-01-08,ETHUSD,143.08,148.0,137.03,140.6,101682.09,14426088.5,Rise,2
4,2020-01-07,ETHUSD,144.19,145.25,138.79,143.08,96464.86,13780276.8,Rise,2
5,2020-01-06,ETHUSD,135.31,144.51,134.78,144.19,91222.41,12833647.13,Rise,2
6,2020-01-05,ETHUSD,134.14,138.97,134.14,135.31,45353.69,6185761.69,Fall,0
7,2020-01-04,ETHUSD,134.17,135.75,132.5,134.14,31254.85,4179108.69,Fall,0
8,2020-01-03,ETHUSD,126.81,134.93,125.52,134.17,88651.89,11639239.54,Stag,1
9,2020-01-02,ETHUSD,130.19,130.19,125.83,126.81,48603.39,6215539.3,Fall,0
10,2020-01-01,ETHUSD,128.54,132.68,128.12,130.19,57512.5,7508283.38,Rise,2
11,2019-12-31,ETHUSD,131.1,133.19,127.6,128.54,84692.24,10988033.84,Fall,0
12,2019-12-30,ETHUSD,134.3,135.97,129.79,131.1,58811.73,7808217.37,Rise,2
13,2019-12-29,ETHUSD,127.91,137.85,127.22,134.3,64885.83,8609397.9,Rise,2
14,2019-12-28,ETHUSD,126.23,129.6,125.8,127.91,47036.69,6007496.99,Fall,0
15,2019-12-27,ETHUSD,125.49,126.7,122.15,126.23,39780.97,4977007.97,Fall,0
16,2019-12-26,ETHUSD,124.96,132.06,124.06,125.49,51892.89,6577204.72,Stag,1
17,2019-12-25,ETHUSD,127.71,127.77,123.16,124.96,44994.98,5620421.54,Stag,1
18,2019-12-24,ETHUSD,127.78,129.5,126.5,127.71,34976.25,4471662.63,Rise,2
19,2019-12-23,ETHUSD,132.4,135.24,126.16,127.78,62248.12,8175356.65,Stag,1
20,2019-12-22,ETHUSD,127.09,133.22,126.89,132.4,40439.96,5271890.91,Rise,2
21,2019-12-21,ETHUSD,128.37,128.45,126.63,127.09,25941.74,3303991.95,Fall,0
22,2019-12-20,ETHUSD,128.18,129.32,125.71,128.37,44379.22,5655334.88,Rise,2
23,2019-12-19,ETHUSD,132.89,134.11,125.68,128.18,93934.2,12002731.16,Stag,1
24,2019-12-18,ETHUSD,121.83,134.81,116.25,132.89,202462.92,25425396.83,Rise,2
25,2019-12-17,ETHUSD,132.36,132.66,119.5,121.83,185888.56,23382233.69,Fall,0
26,2019-12-16,ETHUSD,142.38,142.53,129.03,132.36,108740.68,14632010.77,Rise,2
27,2019-12-15,ETHUSD,141.73,143.99,139.8,142.38,38771.47,5505990.59,Rise,2
28,2019-12-14,ETHUSD,144.7,145.03,141.11,141.73,35634.32,5097846.88,Stag,1
29,2019-12-13,ETHUSD,144.69,145.13,142.76,144.7,40038.07,5775166.42,Rise,2
30,2019-12-12,ETHUSD,143.29,146.12,139.1,144.69,70917.86,10111325.12,Stag,1
31,2019-12-11,ETHUSD,145.54,146.29,142.01,143.29,32805.05,4725902.39,Fall,0
32,2019-12-10,ETHUSD,147.3,148.22,143.81,145.54,42167.58,6164584.96,Rise,2
33,2019-12-09,ETHUSD,150.68,151.47,146.69,147.3,46822.49,6982717.06,Rise,2
34,2019-12-08,ETHUSD,147.43,152.0,146.36,150.68,33724.53,5038993.65,Rise,2
35,2019-12-07,ETHUSD,148.82,149.88,147.2,147.43,22433.79,3327994.91,Fall,0
36,2019-12-06,ETHUSD,148.18,149.85,145.75,148.82,45179.42,6677344.98,Rise,2
37,2019-12-05,ETHUSD,145.5,148.95,143.8,148.18,48788.48,7150409.06,Stag,1
38,2019-12-04,ETHUSD,147.33,153.0,143.17,145.5,97589.86,14367234.13,Fall,0
39,2019-12-03,ETHUSD,148.97,150.0,145.67,147.33,39186.51,5806652.55,Rise,2
40,2019-12-02,ETHUSD,150.97,151.65,146.82,148.97,42531.01,6321892.47,Rise,2
41,2019-12-01,ETHUSD,151.78,152.67,145.97,150.97,59294.95,8836765.04,Rise,2
42,2019-11-30,ETHUSD,154.75,155.45,149.6,151.78,45611.18,6938257.97,Stag,1
43,2019-11-29,ETHUSD,151.01,157.73,150.5,154.75,82606.47,12742712.27,Rise,2
44,2019-11-28,ETHUSD,153.0,155.0,149.31,151.01,55962.49,8529389.87,Fall,0
45,2019-11-27,ETHUSD,147.83,155.89,141.02,153.0,129890.15,19349421.31,Rise,2
46,2019-11-26,ETHUSD,145.91,149.9,143.57,147.83,72544.44,10641610.1,Fall,0
47,2019-11-25,ETHUSD,139.99,151.69,131.8,145.91,223365.07,31836457.12,Fall,0
48,2019-11-24,ETHUSD,152.0,153.19,138.53,139.99,84899.84,12350643.41,Fall,0
49,2019-11-23,ETHUSD,149.97,154.54,146.37,152.0,88211.89,13293072.11,Rise,2
50,2019-11-22,ETHUSD,160.82,162.65,137.8,149.97,277631.8,41727915.91,Fall,0
51,2019-11-21,ETHUSD,174.35,175.49,155.0,160.82,135870.2,22218957.37,Rise,2
52,2019-11-20,ETHUSD,175.73,177.25,173.26,174.35,48839.48,8564563.77,Rise,2
53,2019-11-19,ETHUSD,177.85,178.14,172.38,175.73,45880.8,8029235.81,Rise,2
54,2019-11-18,ETHUSD,183.88,183.95,173.56,177.85,55305.43,9922614.97,Rise,2
55,2019-11-17,ETHUSD,182.25,186.26,180.0,183.88,34966.2,6423592.96,Rise,2
56,2019-11-16,ETHUSD,179.82,183.17,178.95,182.25,32159.28,5837148.15,Fall,0
57,2019-11-15,ETHUSD,184.55,186.59,177.0,179.82,94362.37,17098583.54,Fall,0
58,2019-11-14,ETHUSD,187.72,188.45,182.75,184.55,81635.66,15082840.74,Rise,2
59,2019-11-13,ETHUSD,186.98,189.31,185.08,187.72,33802.01,6321554.32,Rise,2
60,2019-11-12,ETHUSD,184.65,187.27,182.07,186.98,41545.91,7690462.6,Stag,1
61,2019-11-11,ETHUSD,188.88,190.0,183.77,184.65,34818.78,6486001.13,Fall,0
62,2019-11-10,ETHUSD,184.77,192.0,183.41,188.88,44018.0,8291543.34,Rise,2
63,2019-11-09,ETHUSD,183.62,185.7,182.21,184.77,31447.97,5790919.58,Fall,0
64,2019-11-08,ETHUSD,186.42,188.09,180.71,183.62,66332.92,12209374.45,Stag,1
65,2019-11-07,ETHUSD,191.13,192.27,184.14,186.42,44562.06,8348563.65,Rise,2
66,2019-11-06,ETHUSD,188.88,194.6,187.87,191.13,52835.18,10065821.6,Rise,2
67,2019-11-05,ETHUSD,186.25,192.47,181.76,188.88,69998.63,13166877.66,Fall,0
68,2019-11-04,ETHUSD,181.73,189.5,180.45,186.25,52260.84,9714025.98,Fall,0
69,2019-11-03,ETHUSD,183.25,185.0,179.11,181.73,23415.99,4256390.97,Fall,0
70,2019-11-02,ETHUSD,183.19,186.19,181.91,183.25,29641.63,5444753.76,Rise,2
71,2019-11-01,ETHUSD,182.38,184.99,177.39,183.19,60518.36,10980673.48,Stag,1
72,2019-10-31,ETHUSD,183.38,185.47,177.81,182.38,63154.04,11494486.82,Stag,1
73,2019-10-30,ETHUSD,191.1,192.2,180.05,183.38,72817.7,13485051.01,Stag,1
74,2019-10-29,ETHUSD,182.02,193.41,181.72,191.1,67479.7,12670725.26,Rise,2
75,2019-10-28,ETHUSD,184.41,190.0,181.0,182.02,83694.42,15381772.25,Fall,0
76,2019-10-27,ETHUSD,180.03,189.18,176.84,184.41,85137.28,15616531.72,Rise,2
77,2019-10-26,ETHUSD,181.66,199.5,173.86,180.03,240893.57,45061237.79,Fall,0
78,2019-10-25,ETHUSD,160.67,187.74,160.57,181.66,157618.05,27688828.89,Rise,2
79,2019-10-24,ETHUSD,162.49,164.0,158.9,160.67,56468.22,9111124.0,Fall,0
80,2019-10-23,ETHUSD,171.3,174.05,153.0,162.49,187410.19,30173802.87,Rise,2
81,2019-10-22,ETHUSD,174.37,175.4,170.47,171.3,41818.76,7237320.46,Rise,2
82,2019-10-21,ETHUSD,175.49,178.0,171.45,174.37,69076.97,12016731.62,Rise,2
83,2019-10-20,ETHUSD,172.09,176.8,169.11,175.49,43317.82,7511015.33,Stag,1
84,2019-10-19,ETHUSD,172.96,175.5,169.72,172.09,47508.19,8218370.27,Fall,0
85,2019-10-18,ETHUSD,177.31,177.49,168.34,172.96,77185.02,13344829.69,Stag,1
86,2019-10-17,ETHUSD,174.5,179.71,172.79,177.31,66697.22,11756842.47,Rise,2
87,2019-10-16,ETHUSD,180.58,181.2,171.7,174.5,82777.03,14517551.68,Fall,0
88,2019-10-15,ETHUSD,186.85,188.58,176.48,180.58,115164.69,20893542.68,Rise,2
89,2019-10-14,ETHUSD,181.18,187.91,180.52,186.85,60870.08,11254466.61,Rise,2
90,2019-10-13,ETHUSD,179.86,184.75,178.63,181.18,51204.17,9309857.53,Fall,0
91,2019-10-12,ETHUSD,180.84,184.87,177.27,179.86,56293.98,10220292.05,Fall,0
92,2019-10-11,ETHUSD,191.79,197.93,179.23,180.84,120484.77,22461298.72,Stag,1
93,2019-10-10,ETHUSD,193.26,194.85,187.29,191.79,85642.06,16405943.3,Rise,2
94,2019-10-09,ETHUSD,180.72,196.09,179.2,193.26,146732.47,27729828.31,Rise,2
95,2019-10-08,ETHUSD,180.26,185.3,177.42,180.72,67362.24,12185166.51,Fall,0
96,2019-10-07,ETHUSD,170.18,182.5,168.61,180.26,90340.81,15989026.85,Stag,1
97,2019-10-06,ETHUSD,176.73,177.12,167.5,170.18,56995.22,9799479.98,Fall,0
98,2019-10-05,ETHUSD,175.97,177.05,172.27,176.73,32009.69,5603902.15,Rise,2
99,2019-10-04,ETHUSD,175.05,179.69,170.77,175.97,52275.85,9167136.95,Stag,1
100,2019-10-03,ETHUSD,180.82,181.26,169.59,175.05,70618.86,12368160.6,Stag,1
101,2019-10-02,ETHUSD,176.15,181.66,174.15,180.82,73529.94,13015110.57,Rise,2
102,2019-10-01,ETHUSD,181.17,185.89,173.85,176.15,97883.39,17613857.27,Fall,0
103,2019-09-30,ETHUSD,169.38,181.85,165.2,181.17,126846.85,21954924.91,Rise,2
104,2019-09-29,ETHUSD,173.9,175.26,164.34,169.38,71695.44,12136495.66,Fall,0
105,2019-09-28,ETHUSD,174.44,176.0,168.21,173.9,75406.27,13058468.91,Rise,2
106,2019-09-27,ETHUSD,165.85,177.24,161.19,174.44,109639.04,18387533.05,Stag,1
107,2019-09-26,ETHUSD,170.0,171.0,152.11,165.85,185235.07,30238262.51,Fall,0
108,2019-09-25,ETHUSD,166.26,175.25,162.25,170.0,183524.37,30922350.88,Rise,2
109,2019-09-24,ETHUSD,200.8,202.72,157.75,166.26,397278.56,69877245.2,Fall,0
110,2019-09-23,ETHUSD,211.1,211.6,198.18,200.8,90087.91,18482749.07,Rise,2
111,2019-09-22,ETHUSD,214.8,215.45,206.02,211.1,64814.29,13619888.25,Rise,2
112,2019-09-21,ETHUSD,218.06,221.61,213.35,214.8,65642.0,14238759.71,Rise,2
113,2019-09-20,ETHUSD,220.8,222.38,212.0,218.06,91581.94,19883808.53,Rise,2
114,2019-09-19,ETHUSD,210.27,224.71,200.98,220.8,164784.94,34997971.75,Rise,2
115,2019-09-18,ETHUSD,207.95,217.49,207.5,210.27,110834.5,23575370.37,Fall,0
116,2019-09-17,ETHUSD,197.59,215.0,195.67,207.95,177807.17,36313501.6,Fall,0
117,2019-09-16,ETHUSD,189.3,199.55,188.23,197.59,110399.0,21352630.3,Fall,0
118,2019-09-15,ETHUSD,188.85,190.99,186.3,189.3,69934.55,13201074.06,Fall,0
119,2019-09-14,ETHUSD,181.65,189.32,180.4,188.85,59221.37,10978860.58,Stag,1
120,2019-09-13,ETHUSD,181.09,181.85,177.57,181.65,50639.63,9110633.72,Fall,0
121,2019-09-12,ETHUSD,178.3,182.66,176.46,181.09,32447.48,5814088.62,Stag,1
122,2019-09-11,ETHUSD,179.64,182.49,173.7,178.3,56796.99,10106602.93,Fall,0
123,2019-09-10,ETHUSD,180.63,184.55,176.6,179.64,46977.59,8468817.66,Rise,2
124,2019-09-09,ETHUSD,181.56,186.0,176.11,180.63,64818.3,11717942.76,Stag,1
125,2019-09-08,ETHUSD,178.08,184.73,176.01,181.56,74714.89,13546337.63,Stag,1
126,2019-09-07,ETHUSD,169.2,181.07,168.38,178.08,57342.14,10081691.52,Fall,0
127,2019-09-06,ETHUSD,174.0,178.45,164.99,169.2,75150.21,12954687.09,Fall,0
128,2019-09-05,ETHUSD,174.82,175.82,168.82,174.0,51573.23,8922666.02,Rise,2
129,2019-09-04,ETHUSD,178.96,180.33,173.29,174.82,58719.99,10379202.03,Stag,1
130,2019-09-03,ETHUSD,178.8,183.11,174.2,178.96,72723.4,13059419.84,Rise,2
131,2019-09-02,ETHUSD,171.29,181.78,170.54,178.8,59719.77,10508117.18,Stag,1
132,2019-09-01,ETHUSD,171.93,173.98,168.03,171.29,41348.51,7087547.48,Fall,0
133,2019-08-31,ETHUSD,168.4,175.0,165.5,171.93,38474.87,6520879.9,Stag,1
134,2019-08-30,ETHUSD,168.82,170.43,165.3,168.4,60974.17,10270500.32,Fall,0
135,2019-08-29,ETHUSD,172.79,173.51,163.57,168.82,93732.89,15839213.84,Stag,1
136,2019-08-28,ETHUSD,186.94,187.92,165.9,172.79,112293.62,19707545.3,Rise,2
137,2019-08-27,ETHUSD,188.3,189.0,184.33,186.94,42652.0,7957856.19,Rise,2
138,2019-08-26,ETHUSD,186.59,194.28,185.51,188.3,68152.43,12917692.73,Rise,2
139,2019-08-25,ETHUSD,190.89,192.76,182.04,186.59,40549.94,7605252.11,Fall,0
140,2019-08-24,ETHUSD,194.59,194.59,186.02,190.89,43117.72,8188976.22,Rise,2
141,2019-08-23,ETHUSD,190.41,196.66,188.56,194.59,85255.31,16442235.72,Rise,2
142,2019-08-22,ETHUSD,187.37,195.11,182.53,190.41,77023.07,14576603.87,Fall,0
143,2019-08-21,ETHUSD,196.56,197.17,180.0,187.37,103101.86,19345003.74,Fall,0
144,2019-08-20,ETHUSD,202.32,202.81,194.52,196.56,61917.17,12252864.69,Rise,2
145,2019-08-19,ETHUSD,194.74,203.91,193.0,202.32,66299.65,13207967.08,Rise,2
146,2019-08-18,ETHUSD,185.59,198.17,183.31,194.74,66704.6,12839313.22,Fall,0
147,2019-08-17,ETHUSD,185.26,186.9,181.57,185.59,38299.77,7061930.64,Fall,0
148,2019-08-16,ETHUSD,188.2,188.21,178.47,185.26,67994.98,12523084.22,Stag,1
149,2019-08-15,ETHUSD,186.3,190.36,171.0,188.2,163095.59,29925151.58,Rise,2
150,2019-08-14,ETHUSD,208.58,209.13,181.6,186.3,167567.76,32350294.06,Fall,0
151,2019-08-13,ETHUSD,211.26,211.28,202.8,208.58,83104.85,17247236.41,Rise,2
152,2019-08-12,ETHUSD,216.06,216.47,209.51,211.26,63003.75,13408712.5,Rise,2
153,2019-08-11,ETHUSD,206.1,216.58,205.63,216.06,53892.48,11414299.5,Rise,2
154,2019-08-10,ETHUSD,210.3,214.68,200.38,206.1,76261.34,15768378.53,Fall,0
155,2019-08-09,ETHUSD,220.81,221.3,206.5,210.3,86066.44,18289814.02,Rise,2
156,2019-08-08,ETHUSD,225.8,226.48,213.7,220.81,98572.27,21803875.83,Rise,2
157,2019-08-07,ETHUSD,225.81,231.22,220.0,225.8,88437.88,19917366.66,Rise,2
158,2019-08-06,ETHUSD,233.0,239.45,222.05,225.81,115482.16,26543804.86,Stag,1
159,2019-08-05,ETHUSD,222.81,236.9,222.81,233.0,121915.32,28165151.31,Rise,2
160,2019-08-04,ETHUSD,222.14,224.04,217.37,222.81,41833.77,9231535.0,Fall,0
161,2019-08-03,ETHUSD,217.8,224.81,215.5,222.14,71903.03,15952194.34,Stag,1
162,2019-08-02,ETHUSD,217.55,222.77,214.82,217.8,76184.99,16638677.31,Fall,0
163,2019-08-01,ETHUSD,218.7,219.3,211.0,217.55,63124.09,13571763.43,Stag,1
164,2019-07-31,ETHUSD,209.83,218.92,209.53,218.7,64967.7,13976131.4,Stag,1
165,2019-07-30,ETHUSD,210.73,214.56,204.0,209.83,53428.33,11199913.82,Fall,0
166,2019-07-29,ETHUSD,211.5,215.31,205.7,210.73,90921.93,19144814.17,Stag,1
167,2019-07-28,ETHUSD,207.11,213.98,197.0,211.5,80218.11,16567788.7,Stag,1
168,2019-07-27,ETHUSD,219.35,224.14,202.46,207.11,126507.21,26652986.66,Fall,0
169,2019-07-26,ETHUSD,219.28,222.12,212.69,219.35,74710.9,16215251.02,Rise,2
170,2019-07-25,ETHUSD,216.59,226.22,215.19,219.28,104082.96,23032189.58,Stag,1
171,2019-07-24,ETHUSD,211.93,218.14,200.5,216.59,160212.1,33403005.82,Fall,0
172,2019-07-23,ETHUSD,217.13,219.11,208.43,211.93,120650.84,25746432.91,Fall,0
173,2019-07-22,ETHUSD,225.64,228.28,211.45,217.13,108139.74,23605682.13,Rise,2
174,2019-07-21,ETHUSD,228.89,229.85,217.04,225.64,90639.09,20265857.7,Rise,2
175,2019-07-20,ETHUSD,221.21,236.58,219.98,228.89,106366.65,24373674.53,Rise,2
176,2019-07-19,ETHUSD,226.31,226.78,213.15,221.21,118548.95,26079973.73,Fall,0
177,2019-07-18,ETHUSD,211.4,229.99,206.2,226.31,227361.83,49926068.58,Rise,2
178,2019-07-17,ETHUSD,198.89,221.0,192.04,211.4,264517.09,54580349.19,Fall,0
179,2019-07-16,ETHUSD,228.28,234.58,190.11,198.89,393241.84,82040380.5,Fall,0
180,2019-07-15,ETHUSD,225.76,235.87,203.0,228.28,389615.7,86762715.79,Rise,2
181,2019-07-14,ETHUSD,269.04,270.02,222.7,225.76,224890.5,53818433.0,Fall,0
182,2019-07-13,ETHUSD,275.55,276.34,261.79,269.04,82315.43,22100378.32,Rise,2
183,2019-07-12,ETHUSD,268.68,279.3,266.37,275.55,87738.96,23988908.32,Rise,2
184,2019-07-11,ETHUSD,288.64,288.68,261.57,268.68,214164.38,58144464.16,Fall,0
185,2019-07-10,ETHUSD,307.92,314.98,281.3,288.64,187896.28,55814040.13,Rise,2
186,2019-07-09,ETHUSD,313.24,318.6,302.78,307.92,127412.15,39657588.71,Rise,2
187,2019-07-08,ETHUSD,306.34,315.0,302.24,313.24,107535.39,33187805.5,Rise,2
188,2019-07-07,ETHUSD,287.57,310.7,283.87,306.34,122300.14,36867926.62,Fall,0
189,2019-07-06,ETHUSD,288.0,298.25,285.31,287.57,67042.77,19598196.62,Fall,0
190,2019-07-05,ETHUSD,282.8,294.9,280.0,288.0,106437.57,30656164.29,Stag,1
191,2019-07-04,ETHUSD,301.79,304.0,280.1,282.8,99611.59,29282043.54,Fall,0
192,2019-07-03,ETHUSD,291.25,303.83,289.61,301.79,105691.96,31264397.55,Rise,2
193,2019-07-02,ETHUSD,293.7,296.24,270.42,291.25,218010.42,61564550.93,Fall,0
194,2019-07-01,ETHUSD,290.07,301.32,278.65,293.7,184436.14,53230192.12,Rise,2
195,2019-06-30,ETHUSD,317.0,323.61,286.0,290.07,164555.46,49885668.26,Fall,0
196,2019-06-29,ETHUSD,309.37,324.5,291.25,317.0,183572.52,56075398.3,Rise,2
197,2019-06-28,ETHUSD,293.47,312.9,289.66,309.37,208222.55,62944021.71,Fall,0
198,2019-06-27,ETHUSD,334.86,343.82,273.5,293.47,492401.48,149768561.11,Fall,0
199,2019-06-26,ETHUSD,316.59,364.49,308.0,334.86,539859.81,182440536.31,Rise,2
200,2019-06-25,ETHUSD,311.0,317.4,306.0,316.59,136758.38,42606692.49,Fall,0
201,2019-06-24,ETHUSD,306.98,313.1,295.68,311.0,154448.91,47259062.92,Fall,0
202,2019-06-23,ETHUSD,308.49,318.0,304.6,306.98,165679.38,51460280.08,Fall,0
203,2019-06-22,ETHUSD,296.25,315.54,293.46,308.49,288015.72,88170547.49,Stag,1
204,2019-06-21,ETHUSD,272.0,299.0,272.0,296.25,259082.5,74265206.83,Fall,0
205,2019-06-20,ETHUSD,268.79,274.84,266.51,272.0,78812.38,21299494.55,Fall,0
206,2019-06-19,ETHUSD,264.37,270.07,263.36,268.79,91888.68,24560632.98,Fall,0
207,2019-06-18,ETHUSD,273.97,274.24,261.0,264.37,123457.79,32908544.36,Fall,0
208,2019-06-17,ETHUSD,268.33,275.93,267.69,273.97,110046.65,29955650.07,Rise,2
209,2019-06-16,ETHUSD,269.29,278.83,263.02,268.33,128153.31,34734572.08,Fall,0
210,2019-06-15,ETHUSD,263.8,273.3,261.57,269.29,103428.36,27608982.26,Stag,1
211,2019-06-14,ETHUSD,255.4,266.21,252.42,263.8,130707.87,33675142.85,Fall,0
212,2019-06-13,ETHUSD,262.92,264.75,254.2,255.4,132818.01,34486071.7,Fall,0
213,2019-06-12,ETHUSD,245.11,263.81,243.01,262.92,160643.15,40690273.93,Rise,2
214,2019-06-11,ETHUSD,247.84,249.38,237.33,245.11,104759.04,25495365.02,Fall,0
215,2019-06-10,ETHUSD,231.3,248.16,227.52,247.84,124592.52,30023519.7,Rise,2
216,2019-06-09,ETHUSD,244.3,244.97,226.56,231.3,125479.84,29471976.84,Fall,0
217,2019-06-08,ETHUSD,249.49,251.17,241.52,244.3,53536.03,13154522.07,Rise,2
218,2019-06-07,ETHUSD,249.4,254.4,244.84,249.49,120716.59,30132165.28,Rise,2
219,2019-06-06,ETHUSD,246.32,251.29,235.32,249.4,127683.05,30978967.49,Stag,1
220,2019-06-05,ETHUSD,240.93,249.0,237.55,246.32,140111.7,34164535.83,Fall,0
221,2019-06-04,ETHUSD,249.55,250.99,233.0,240.93,234267.31,56871965.24,Fall,0
222,2019-06-03,ETHUSD,269.23,270.3,246.6,249.55,154780.15,40060466.97,Rise,2
223,2019-06-02,ETHUSD,264.78,274.75,264.11,269.23,59513.08,16006307.23,Rise,2
224,2019-06-01,ETHUSD,267.74,274.99,261.3,264.78,122851.75,32975845.16,Fall,0
225,2019-05-31,ETHUSD,254.62,268.55,245.05,267.74,187604.24,48316125.52,Rise,2
226,2019-05-30,ETHUSD,269.39,288.77,235.44,254.62,390744.57,105099273.04,Fall,0
227,2019-05-29,ETHUSD,271.15,274.25,260.2,269.39,144280.09,38821311.71,Rise,2
228,2019-05-28,ETHUSD,271.24,276.5,265.45,271.15,113835.94,30821176.06,Stag,1
229,2019-05-27,ETHUSD,268.37,279.55,262.0,271.24,217922.37,58777849.35,Stag,1
230,2019-05-26,ETHUSD,251.55,271.19,245.66,268.37,155954.71,40698024.45,Fall,0
231,2019-05-25,ETHUSD,249.83,258.89,248.43,251.55,69546.66,17564776.47,Fall,0
232,2019-05-24,ETHUSD,245.64,256.06,242.4,249.83,163732.02,41034391.76,Stag,1
233,2019-05-23,ETHUSD,243.32,248.7,231.12,245.64,170413.64,41059531.44,Fall,0
234,2019-05-22,ETHUSD,254.74,261.62,240.04,243.32,217233.44,54517985.16,Fall,0
235,2019-05-21,ETHUSD,252.22,264.2,247.84,254.74,238043.26,60715533.3,Rise,2
236,2019-05-20,ETHUSD,261.09,261.09,239.0,252.22,253759.54,63409736.36,Fall,0
237,2019-05-19,ETHUSD,234.03,264.77,232.44,261.09,271220.93,68748265.79,Rise,2
238,2019-05-18,ETHUSD,244.59,249.24,231.4,234.03,165848.44,39743041.35,Fall,0
239,2019-05-17,ETHUSD,264.39,269.23,222.88,244.59,571564.4,136470842.81,Rise,2
240,2019-05-16,ETHUSD,249.0,281.77,242.19,264.39,811478.11,212567583.77,Rise,2
241,2019-05-15,ETHUSD,217.44,250.79,216.84,249.0,530985.38,124256386.71,Fall,0
242,2019-05-14,ETHUSD,196.51,221.0,195.17,217.44,439933.88,91719433.31,Fall,0
243,2019-05-13,ETHUSD,188.23,209.85,185.62,196.51,340207.76,67341603.29,Fall,0
244,2019-05-12,ETHUSD,192.52,204.19,182.39,188.23,323488.65,62120720.56,Fall,0
245,2019-05-11,ETHUSD,172.21,207.0,172.19,192.52,446780.68,85143558.76,Rise,2
246,2019-05-10,ETHUSD,170.11,176.32,167.49,172.21,185147.61,31970028.6,Fall,0
247,2019-05-09,ETHUSD,169.58,173.33,165.25,170.11,107648.76,18204375.75,Fall,0
248,2019-05-08,ETHUSD,166.51,172.03,162.0,169.58,121813.36,20389031.78,Stag,1
249,2019-05-07,ETHUSD,171.07,180.69,171.07,177.23,84636.56,15009069.45,Rise,2
250,2019-05-06,ETHUSD,161.25,175.97,157.78,171.07,141941.89,23878285.23,Fall,0
251,2019-05-05,ETHUSD,161.85,163.4,157.28,161.25,76173.12,12260315.82,Fall,0
252,2019-05-04,ETHUSD,164.74,168.71,158.0,161.85,120404.97,19621643.07,Stag,1
253,2019-05-03,ETHUSD,158.7,169.26,157.61,164.74,120049.19,19762844.03,Rise,2
254,2019-05-02,ETHUSD,158.3,160.57,155.91,158.7,56952.5,9019708.58,Fall,0
255,2019-05-01,ETHUSD,160.4,163.25,156.59,158.3,68333.23,10903050.09,Stag,1
256,2019-04-30,ETHUSD,152.36,161.2,152.32,160.4,97933.87,15360377.68,Rise,2
257,2019-04-29,ETHUSD,153.19,154.69,148.81,152.36,67867.36,10343932.78,Fall,0
258,2019-04-28,ETHUSD,155.66,156.45,152.16,153.19,50178.77,7756869.65,Stag,1
259,2019-04-27,ETHUSD,153.41,159.0,152.54,155.66,60848.22,9456237.26,Rise,2
260,2019-04-26,ETHUSD,152.05,156.0,148.26,153.41,137093.81,20826228.42,Fall,0
261,2019-04-25,ETHUSD,165.75,166.34,146.0,152.05,152827.22,23963443.54,Fall,0
262,2019-04-24,ETHUSD,170.14,171.08,160.3,165.75,132561.25,21979086.8,Rise,2
263,2019-04-23,ETHUSD,171.6,176.94,169.01,170.14,125264.08,21669988.78,Rise,2
264,2019-04-22,ETHUSD,169.9,173.65,168.21,171.6,78895.82,13499886.33,Rise,2
265,2019-04-21,ETHUSD,173.73,174.45,166.33,169.9,69731.15,11842580.98,Fall,0
266,2019-04-20,ETHUSD,173.83,177.84,170.87,173.73,61898.85,10764187.36,Rise,2
267,2019-04-19,ETHUSD,174.15,174.84,169.21,173.83,82184.65,14167682.28,Stag,1
268,2019-04-18,ETHUSD,166.54,176.17,166.01,174.15,120980.8,20922534.31,Stag,1
269,2019-04-17,ETHUSD,166.38,168.73,164.55,166.54,57204.94,9509513.82,Fall,0
270,2019-04-16,ETHUSD,160.24,168.6,159.46,166.38,83254.55,13672707.81,Stag,1
271,2019-04-15,ETHUSD,168.27,169.76,156.0,160.24,109486.76,17822086.91,Fall,0
272,2019-04-14,ETHUSD,163.75,169.25,161.83,168.27,42752.19,7061243.25,Rise,2
273,2019-04-13,ETHUSD,164.27,166.45,161.08,163.75,44160.14,7243929.7,Fall,0
274,2019-04-12,ETHUSD,164.92,168.87,159.27,164.27,118098.01,19374895.8,Stag,1
275,2019-04-11,ETHUSD,177.55,177.9,160.56,164.92,178991.47,30077735.96,Stag,1
276,2019-04-10,ETHUSD,175.83,185.62,169.52,177.55,223894.13,40200131.96,Rise,2
277,2019-04-09,ETHUSD,180.74,180.83,174.34,175.83,110861.08,19671004.0,Fall,0
278,2019-04-08,ETHUSD,174.84,187.62,173.95,180.74,259091.49,46893173.47,Rise,2
279,2019-04-07,ETHUSD,165.79,177.17,164.27,174.84,133000.01,22724750.08,Fall,0
280,2019-04-06,ETHUSD,166.08,173.19,160.48,165.79,119581.52,19935073.63,Fall,0
281,2019-04-05,ETHUSD,157.65,169.2,155.5,166.08,138635.17,22687095.72,Stag,1
282,2019-04-04,ETHUSD,161.33,164.84,153.5,157.65,165389.97,26381045.39,Fall,0
283,2019-04-03,ETHUSD,164.69,180.1,150.53,161.33,479348.92,81355997.17,Rise,2
284,2019-04-02,ETHUSD,141.0,167.5,140.71,164.69,340153.74,52988711.94,Rise,2
285,2019-04-01,ETHUSD,141.2,143.0,138.81,141.0,58061.65,8205264.89,Fall,0
286,2019-03-19,ETHUSD,137.01,138.65,136.76,137.59,6598.67,909013.16,Fall,0
287,2019-03-18,ETHUSD,138.07,141.3,135.67,137.01,76043.69,10481323.66,Stag,1
288,2019-03-17,ETHUSD,140.48,140.56,136.3,138.07,47450.75,6554731.06,Rise,2
289,2019-03-16,ETHUSD,135.99,147.0,135.98,140.48,132756.3,18625776.04,Rise,2
290,2019-03-15,ETHUSD,131.4,136.91,131.4,135.99,88437.26,11913954.98,Fall,0
291,2019-03-14,ETHUSD,131.16,135.09,128.9,131.4,44539.63,5858434.65,Fall,0
292,2019-03-13,ETHUSD,132.8,132.94,130.2,131.16,44620.43,5867673.77,Stag,1
293,2019-03-12,ETHUSD,132.05,134.3,127.19,132.8,104264.17,13712247.86,Rise,2
294,2019-03-11,ETHUSD,134.66,135.37,130.57,132.05,55581.88,7351410.99,Stag,1
295,2019-03-10,ETHUSD,136.41,136.73,133.42,134.66,37822.89,5105669.45,Rise,2
296,2019-03-09,ETHUSD,132.75,138.01,132.09,136.41,67910.24,9211227.33,Rise,2
297,2019-03-08,ETHUSD,136.29,138.6,130.13,132.75,100150.39,13500861.15,Fall,0
298,2019-03-07,ETHUSD,137.0,139.68,134.84,136.29,75910.24,10417753.2,Rise,2
299,2019-03-06,ETHUSD,136.3,140.0,131.99,137.0,120503.6,16446234.01,Stag,1
300,2019-03-05,ETHUSD,125.24,137.49,124.78,136.3,120692.78,15967478.21,Stag,1
301,2019-03-04,ETHUSD,129.78,130.22,122.75,125.24,139685.67,17703594.59,Fall,0
302,2019-03-03,ETHUSD,132.32,134.41,127.49,129.78,54408.76,7131700.93,Rise,2
303,2019-03-02,ETHUSD,134.72,135.39,128.95,132.32,68559.12,9072202.32,Rise,2
304,2019-03-01,ETHUSD,134.48,137.53,133.52,134.72,86367.05,11709499.48,Rise,2
305,2019-02-28,ETHUSD,134.46,139.0,131.66,134.48,111260.82,15075301.11,Stag,1
306,2019-02-27,ETHUSD,135.76,140.0,125.77,134.46,136295.14,18163540.51,Stag,1
307,2019-02-26,ETHUSD,137.64,138.85,133.03,135.76,88877.01,12073024.91,Rise,2
308,2019-02-25,ETHUSD,131.76,141.09,131.03,137.64,152165.95,20876846.84,Rise,2
309,2019-02-24,ETHUSD,157.56,165.62,131.23,131.76,289173.47,42273182.44,Fall,0
310,2019-02-23,ETHUSD,146.68,159.91,144.89,157.56,156608.8,24118707.38,Rise,2
311,2019-02-22,ETHUSD,144.21,147.5,142.26,146.68,81675.88,11920853.02,Fall,0
312,2019-02-21,ETHUSD,147.19,148.6,141.76,144.21,107936.42,15616218.08,Fall,0
313,2019-02-20,ETHUSD,142.69,148.4,138.65,147.19,133027.38,19164956.95,Rise,2
314,2019-02-19,ETHUSD,144.56,149.47,142.46,142.69,167193.66,24386570.28,Fall,0
315,2019-02-18,ETHUSD,132.34,147.8,131.1,144.56,309053.04,43193605.47,Rise,2
316,2019-02-17,ETHUSD,121.56,134.14,121.38,132.34,181894.41,23211216.0,Fall,0
317,2019-02-16,ETHUSD,120.42,123.6,120.42,121.56,36254.96,4413185.05,Fall,0
318,2019-02-15,ETHUSD,119.39,123.57,119.13,120.42,58334.1,7049612.2,Fall,0
319,2019-02-14,ETHUSD,120.74,123.22,118.73,119.39,73049.76,8833930.38,Fall,0
320,2019-02-13,ETHUSD,120.82,125.0,119.51,120.74,85302.86,10363670.07,Rise,2
321,2019-02-12,ETHUSD,119.55,122.3,117.0,120.82,98743.69,11817549.12,Stag,1
322,2019-02-11,ETHUSD,123.94,124.11,118.27,119.55,120784.37,14506668.41,Fall,0
323,2019-02-10,ETHUSD,118.06,125.28,115.04,123.94,87908.82,10524589.78,Rise,2
324,2019-02-09,ETHUSD,117.98,119.77,116.55,118.06,65483.01,7714412.45,Fall,0
325,2019-02-08,ETHUSD,103.21,122.0,102.29,117.98,209786.62,23550238.26,Stag,1
326,2019-02-07,ETHUSD,103.36,104.77,102.75,103.21,46433.32,4814451.44,Fall,0
327,2019-02-06,ETHUSD,106.0,106.31,100.15,103.36,95206.15,9771491.95,Stag,1
328,2019-02-05,ETHUSD,106.08,106.5,105.08,106.0,39933.21,4227740.74,Rise,2
329,2019-02-04,ETHUSD,105.94,107.85,105.29,106.08,45291.52,4812437.9,Stag,1
330,2019-02-03,ETHUSD,109.3,110.0,104.52,105.94,62708.43,6714716.27,Stag,1
331,2019-02-02,ETHUSD,105.88,109.98,105.16,109.3,55967.1,5990001.2,Rise,2
332,2019-02-01,ETHUSD,105.79,107.69,103.0,105.88,86088.64,9064660.56,Fall,0
333,2019-01-31,ETHUSD,107.61,109.97,104.83,105.79,82650.37,8835050.51,Stag,1
334,2019-01-30,ETHUSD,104.02,109.45,102.9,107.61,108822.86,11618524.08,Rise,2
335,2019-01-29,ETHUSD,105.47,105.98,102.16,104.02,76287.24,7957296.49,Fall,0
336,2019-01-28,ETHUSD,111.35,112.1,100.9,105.47,161457.03,17011109.49,Rise,2
337,2019-01-27,ETHUSD,115.01,115.45,110.3,111.35,61836.44,7009092.55,Rise,2
338,2019-01-26,ETHUSD,114.95,117.47,114.78,115.01,41492.11,4802290.0,Rise,2
339,2019-01-25,ETHUSD,116.4,117.09,114.04,114.95,75742.68,8751981.6,Stag,1
340,2019-01-24,ETHUSD,116.55,117.11,113.62,116.4,58126.89,6734058.67,Rise,2
341,2019-01-23,ETHUSD,118.1,118.9,115.02,116.55,60029.19,7036946.69,Stag,1
342,2019-01-22,ETHUSD,115.86,119.41,110.86,118.1,112381.06,13100917.61,Rise,2
343,2019-01-21,ETHUSD,117.43,118.02,113.68,115.86,79637.79,9253637.46,Fall,0
344,2019-01-20,ETHUSD,123.17,123.7,115.7,117.43,87509.78,10407691.29,Rise,2
345,2019-01-19,ETHUSD,119.53,126.3,119.53,123.17,84962.36,10514399.35,Rise,2
346,2019-01-18,ETHUSD,122.55,122.88,118.18,119.53,65062.23,7841060.99,Fall,0
347,2019-01-17,ETHUSD,122.12,123.83,117.12,122.55,113295.27,13712411.91,Rise,2
348,2019-01-16,ETHUSD,120.06,127.6,119.0,122.12,142720.14,17419048.09,Stag,1
349,2019-01-15,ETHUSD,128.37,130.61,116.91,120.06,190531.32,23596292.97,Fall,0
350,2019-01-14,ETHUSD,115.55,131.7,115.34,128.37,195432.97,24379145.56,Rise,2
351,2019-01-13,ETHUSD,124.59,125.21,113.5,115.55,129282.53,15273656.5,Fall,0
352,2019-01-12,ETHUSD,125.83,127.24,123.4,124.59,86580.9,10860538.51,Rise,2
353,2019-01-11,ETHUSD,126.41,128.84,121.74,125.83,156159.27,19658728.86,Rise,2
354,2019-01-10,ETHUSD,149.5,150.9,122.15,126.41,314051.19,41297811.41,Stag,1
355,2019-01-09,ETHUSD,148.97,152.88,148.36,149.5,93315.67,14035911.56,Rise,2
356,2019-01-08,ETHUSD,150.62,152.9,146.71,148.97,120487.62,18025156.2,Stag,1
357,2019-01-07,ETHUSD,155.92,157.15,148.59,150.62,139195.56,21295248.95,Rise,2
358,2019-01-06,ETHUSD,154.21,159.58,148.5,155.92,166721.32,25664451.41,Rise,2
359,2019-01-05,ETHUSD,153.24,160.61,152.92,154.21,203048.55,31938001.22,Fall,0
360,2019-01-04,ETHUSD,147.23,155.51,145.14,153.24,215980.78,32602336.5,Stag,1
361,2019-01-03,ETHUSD,153.5,154.44,144.49,147.23,192147.8,28670970.4,Fall,0
362,2019-01-02,ETHUSD,139.75,156.69,138.75,153.5,232659.29,34569353.19,Rise,2
363,2019-01-01,ETHUSD,130.53,140.9,129.55,139.75,155397.58,20946906.89,Fall,0
364,2018-12-31,ETHUSD,138.78,138.9,128.5,130.53,165355.78,22097680.63,Fall,0
365,2018-12-30,ETHUSD,134.15,140.64,128.3,138.78,205485.32,27888935.27,Rise,2
366,2018-12-29,ETHUSD,136.82,147.3,131.72,134.15,254462.14,35179842.41,Fall,0
367,2018-12-28,ETHUSD,114.63,138.58,113.31,136.82,326758.17,41814965.21,Rise,2
368,2018-12-27,ETHUSD,130.47,131.78,112.26,114.63,258639.35,31008710.67,Fall,0
369,2018-12-26,ETHUSD,128.82,136.72,123.54,130.47,203861.96,26514226.86,Rise,2
370,2018-12-25,ETHUSD,139.03,140.26,122.15,128.82,359477.67,46035575.68,Fall,0
371,2018-12-24,ETHUSD,129.61,159.51,129.53,139.03,597537.44,86341703.0,Rise,2
372,2018-12-23,ETHUSD,116.09,133.0,116.01,129.61,325889.19,41373109.44,Fall,0
373,2018-12-22,ETHUSD,107.74,116.3,105.5,116.09,118020.32,13084739.0,Fall,0
374,2018-12-21,ETHUSD,114.6,120.0,105.3,107.74,240327.62,27081502.1,Fall,0
375,2018-12-20,ETHUSD,99.34,119.0,98.5,114.6,329214.9,36343401.07,Rise,2
376,2018-12-19,ETHUSD,101.0,107.88,98.16,99.34,350590.97,36140501.3,Fall,0
377,2018-12-18,ETHUSD,93.79,101.5,91.55,101.0,193888.56,18366822.86,Rise,2
378,2018-12-17,ETHUSD,83.74,96.74,83.51,93.79,250785.23,22906704.11,Fall,0
379,2018-12-16,ETHUSD,83.03,86.72,82.82,83.74,93043.85,7933834.73,Fall,0
380,2018-12-15,ETHUSD,83.0,84.29,81.0,83.03,108147.49,8932391.48,Fall,0
381,2018-12-14,ETHUSD,85.35,85.98,80.6,83.0,150409.09,12594001.05,Stag,1
382,2018-12-13,ETHUSD,89.09,90.25,83.48,85.35,141927.72,12333682.97,Rise,2
383,2018-12-12,ETHUSD,86.96,91.0,86.06,89.09,113468.0,10103816.2,Rise,2
384,2018-12-11,ETHUSD,89.23,91.03,85.15,87.23,118680.85,10390552.39,Fall,0
385,2018-12-10,ETHUSD,92.79,94.62,87.42,89.23,131111.42,11844457.46,Rise,2
386,2018-12-09,ETHUSD,89.99,98.3,88.15,92.79,180006.45,16912462.25,Rise,2
387,2018-12-08,ETHUSD,92.45,97.52,84.0,89.99,242134.08,21850090.46,Fall,0
388,2018-12-07,ETHUSD,89.25,96.86,81.02,92.45,527140.88,45968256.23,Rise,2
389,2018-12-06,ETHUSD,100.71,102.85,88.92,89.25,329789.66,31842802.29,Fall,0
390,2018-12-05,ETHUSD,108.61,109.37,99.5,100.71,164822.22,17146191.6,Rise,2
391,2018-12-04,ETHUSD,107.21,112.0,104.78,108.61,109739.36,11932934.91,Rise,2
392,2018-12-03,ETHUSD,114.76,115.12,104.74,107.21,135846.71,14857431.87,Fall,0
393,2018-12-02,ETHUSD,116.82,119.45,114.06,114.76,73100.41,8466635.57,Rise,2
394,2018-12-01,ETHUSD,111.65,119.48,110.0,116.82,117391.82,13590283.29,Rise,2
395,2018-11-30,ETHUSD,116.38,119.0,109.24,111.88,125121.54,14224707.51,Fall,0
396,2018-11-29,ETHUSD,121.95,123.05,113.0,116.38,202022.16,23856794.41,Rise,2
397,2018-11-28,ETHUSD,108.58,126.45,108.58,121.95,322073.34,37766755.93,Rise,2
398,2018-11-27,ETHUSD,106.95,111.6,99.26,108.58,248821.17,26129747.44,Fall,0
399,2018-11-26,ETHUSD,114.3,116.88,102.26,106.95,317813.17,34537059.55,Fall,0
400,2018-11-25,ETHUSD,110.08,118.83,98.2,114.3,442893.75,47773306.52,Rise,2
401,2018-11-24,ETHUSD,121.44,125.89,106.25,110.08,198511.79,22885133.6,Fall,0
402,2018-11-23,ETHUSD,123.2,125.15,116.24,121.44,262958.13,31759820.18,Rise,2
403,2018-11-22,ETHUSD,134.73,136.71,122.54,123.2,142401.29,18503842.12,Rise,2
404,2018-11-21,ETHUSD,127.55,137.5,122.65,134.73,336247.27,44231315.11,Rise,2
405,2018-11-20,ETHUSD,145.21,149.5,121.5,127.55,723824.51,96545174.58,Fall,0
406,2018-11-19,ETHUSD,175.87,175.92,142.0,145.21,388441.04,60045181.12,Rise,2
407,2018-11-18,ETHUSD,172.48,180.2,172.15,175.87,61977.75,10840739.26,Rise,2
408,2018-11-17,ETHUSD,172.4,174.41,170.34,172.48,53893.26,9278889.81,Fall,0
409,2018-11-16,ETHUSD,178.89,179.76,169.22,172.4,114804.43,20123632.7,Stag,1
410,2018-11-15,ETHUSD,177.79,181.0,165.33,178.89,227631.77,39661857.78,Rise,2
411,2018-11-14,ETHUSD,203.2,204.9,165.2,177.79,317936.66,57463246.06,Stag,1
412,2018-11-13,ETHUSD,208.77,208.77,202.76,203.2,60479.88,12435529.16,Rise,2
413,2018-11-12,ETHUSD,209.88,211.22,207.0,208.77,40642.44,8512400.46,Rise,2
414,2018-11-11,ETHUSD,210.29,211.17,206.15,209.88,21388.44,4467174.0,Stag,1
415,2018-11-10,ETHUSD,208.01,212.52,207.69,210.29,27620.35,5820169.09,Stag,1
416,2018-11-09,ETHUSD,210.34,212.2,206.2,208.01,37149.74,7773992.77,Fall,0
417,2018-11-08,ETHUSD,216.84,218.27,209.89,210.34,56366.05,12017642.12,Rise,2
418,2018-11-07,ETHUSD,218.51,222.78,215.56,216.84,68747.43,15038961.74,Rise,2
419,2018-11-06,ETHUSD,208.53,219.08,207.13,218.51,106033.07,22656135.62,Rise,2
420,2018-11-05,ETHUSD,210.06,211.2,205.53,208.53,54121.86,11254009.65,Fall,0
421,2018-11-04,ETHUSD,198.35,217.77,198.1,210.06,94233.47,19485097.05,Rise,2
422,2018-11-03,ETHUSD,199.75,200.0,197.62,198.35,26789.83,5326123.01,Fall,0
423,2018-11-02,ETHUSD,197.96,201.75,197.8,199.75,44834.4,8942416.64,Rise,2
424,2018-11-01,ETHUSD,196.95,198.63,196.2,197.96,34762.19,6845616.28,Fall,0
425,2018-10-31,ETHUSD,195.35,200.0,191.4,196.95,52805.54,10330143.7,Stag,1
426,2018-10-30,ETHUSD,194.29,196.41,192.6,195.35,57486.16,11160217.57,Fall,0
427,2018-10-29,ETHUSD,202.43,202.65,191.0,194.29,74935.35,14688606.78,Stag,1
428,2018-10-28,ETHUSD,201.46,202.85,201.0,202.43,21227.3,4282056.28,Rise,2
429,2018-10-27,ETHUSD,200.7,201.7,200.42,201.46,21069.78,4236378.08,Stag,1
430,2018-10-26,ETHUSD,199.65,204.35,198.64,200.7,47096.94,9457395.21,Stag,1
431,2018-10-25,ETHUSD,200.68,200.72,195.83,199.65,64306.72,12793549.39,Stag,1
432,2018-10-24,ETHUSD,201.12,202.47,200.38,200.68,39488.86,7951870.28,Stag,1
433,2018-10-23,ETHUSD,201.25,201.96,197.96,201.12,41123.28,8228666.67,Stag,1
434,2018-10-22,ETHUSD,202.12,203.0,198.89,201.25,42689.75,8583551.34,Stag,1
435,2018-10-21,ETHUSD,202.69,205.66,201.19,202.12,33784.89,6877904.11,Stag,1
436,2018-10-20,ETHUSD,200.0,204.66,199.31,202.69,70174.16,14204119.04,Stag,1
437,2018-10-19,ETHUSD,199.09,201.47,197.8,200.0,49001.63,9796660.3,Fall,0
438,2018-10-18,ETHUSD,203.21,205.56,195.15,199.09,97771.01,19629571.19,Stag,1
439,2018-10-17,ETHUSD,205.43,206.35,201.2,203.21,63596.33,12972359.61,Rise,2
440,2018-10-16,ETHUSD,204.12,204.12,203.55,203.55,0.0,0.0,Stag,1
441,2018-10-15,ETHUSD,191.87,220.64,189.96,204.12,210165.25,43050615.11,Stag,1
442,2018-10-14,ETHUSD,196.72,199.41,189.13,191.87,48584.96,9515504.79,Fall,0
443,2018-10-13,ETHUSD,194.1,198.37,193.45,196.72,39111.98,7699059.96,Rise,2
444,2018-10-12,ETHUSD,188.32,198.5,187.15,194.1,93135.58,18033661.09,Fall,0
445,2018-10-11,ETHUSD,223.61,223.61,185.06,188.32,300055.24,59884204.13,Fall,0
446,2018-10-10,ETHUSD,226.15,226.25,221.52,223.61,55185.13,12330085.76,Rise,2
447,2018-10-09,ETHUSD,227.68,228.45,225.06,226.15,41137.31,9319288.92,Rise,2
448,2018-10-08,ETHUSD,224.82,231.1,222.25,227.68,51359.77,11655474.0,Stag,1
449,2018-10-07,ETHUSD,223.85,225.95,220.24,224.82,30116.57,6716882.95,Fall,0
450,2018-10-06,ETHUSD,226.89,227.06,222.32,223.85,32081.53,7206007.32,Stag,1
451,2018-10-05,ETHUSD,221.0,230.34,218.0,226.89,69759.84,15578902.84,Rise,2
452,2018-10-04,ETHUSD,219.01,225.66,218.31,221.0,72065.01,16043937.75,Fall,0
453,2018-10-03,ETHUSD,224.85,224.9,214.0,219.01,89974.04,19659129.8,Fall,0
454,2018-10-02,ETHUSD,230.4,231.08,221.45,224.85,70674.6,16009401.0,Rise,2
455,2018-10-01,ETHUSD,232.27,234.92,223.45,230.4,83254.76,19074939.5,Rise,2
456,2018-09-30,ETHUSD,231.01,238.69,225.5,232.27,87843.6,20412907.33,Rise,2
457,2018-09-29,ETHUSD,220.67,235.35,214.0,231.01,106164.65,24114839.72,Stag,1
458,2018-09-28,ETHUSD,229.0,234.59,215.0,220.67,133434.58,29959187.58,Fall,0
459,2018-09-27,ETHUSD,214.15,233.5,210.01,229.0,169305.4,37557427.41,Rise,2
460,2018-09-26,ETHUSD,219.19,222.43,207.23,214.15,151742.77,32694715.93,Fall,0
461,2018-09-25,ETHUSD,228.01,228.01,203.38,219.19,228790.18,49001690.05,Rise,2
462,2018-09-24,ETHUSD,244.35,245.79,225.15,228.01,120526.74,28261368.63,Rise,2
463,2018-09-23,ETHUSD,240.71,249.79,237.1,244.35,74603.46,18108035.62,Rise,2
464,2018-09-22,ETHUSD,247.76,255.0,232.67,240.71,122038.69,29505230.63,Fall,0
465,2018-09-21,ETHUSD,224.41,252.0,221.0,247.76,263380.54,61787654.84,Rise,2
466,2018-09-20,ETHUSD,209.81,227.34,206.64,224.41,168663.66,36045367.62,Fall,0
467,2018-09-19,ETHUSD,208.5,214.68,197.34,209.81,166183.03,34497371.17,Fall,0
468,2018-09-18,ETHUSD,195.97,214.87,194.05,208.5,144897.83,29794914.11,Stag,1
469,2018-09-17,ETHUSD,220.19,224.9,192.2,195.97,217257.83,45017560.43,Fall,0
470,2018-09-16,ETHUSD,221.69,223.43,208.01,220.19,95433.56,20709679.89,Rise,2
471,2018-09-15,ETHUSD,210.0,227.5,208.26,221.69,110587.06,24347281.2,Stag,1
472,2018-09-14,ETHUSD,211.39,224.3,202.51,210.0,217479.88,46513084.25,Fall,0
473,2018-09-13,ETHUSD,182.79,215.0,182.79,211.39,284936.72,57216219.27,Stag,1
474,2018-09-12,ETHUSD,185.15,185.15,167.0,182.79,245925.52,43013099.84,Fall,0
475,2018-09-11,ETHUSD,196.94,199.25,175.5,185.15,174425.99,32523972.66,Rise,2
476,2018-09-10,ETHUSD,195.91,202.7,186.59,196.94,133129.95,25934930.5,Rise,2
477,2018-09-09,ETHUSD,197.0,208.5,185.39,195.91,151853.72,29824528.14,Stag,1
478,2018-09-08,ETHUSD,215.21,220.0,190.01,197.0,178662.21,36271876.11,Stag,1
479,2018-09-07,ETHUSD,229.66,234.23,214.0,215.21,129119.05,28572511.21,Rise,2
480,2018-09-06,ETHUSD,227.56,233.6,211.0,229.66,277401.36,62178646.67,Rise,2
481,2018-09-05,ETHUSD,285.43,287.95,225.54,227.56,220426.19,55630162.73,Fall,0
482,2018-09-04,ETHUSD,288.6,292.11,282.1,285.43,73006.3,20968444.97,Rise,2
483,2018-09-03,ETHUSD,295.06,296.38,285.76,288.6,55677.23,16127692.96,Rise,2
484,2018-09-02,ETHUSD,294.64,298.72,288.48,295.06,44050.38,12950767.74,Rise,2
485,2018-09-01,ETHUSD,281.94,302.2,281.94,294.64,58992.41,17275372.99,Stag,1
486,2018-08-31,ETHUSD,284.52,284.7,276.66,281.94,49979.72,14024974.73,Fall,0
487,2018-08-30,ETHUSD,289.0,290.99,272.13,284.52,79430.8,22280046.32,Rise,2
488,2018-08-29,ETHUSD,295.39,297.32,284.11,289.0,57773.47,16790551.08,Rise,2
489,2018-08-28,ETHUSD,287.99,297.64,282.85,295.39,81322.64,23562543.29,Rise,2
490,2018-08-27,ETHUSD,274.25,288.64,271.32,287.99,65231.95,18140309.9,Fall,0
491,2018-08-26,ETHUSD,277.97,277.97,270.0,274.25,38510.9,10541022.16,Fall,0
492,2018-08-25,ETHUSD,281.35,282.95,276.99,277.97,31675.45,8861404.76,Rise,2
493,2018-08-24,ETHUSD,275.87,283.38,270.27,281.35,73790.02,20358888.35,Rise,2
494,2018-08-23,ETHUSD,270.47,280.39,268.6,275.87,94301.8,25851264.41,Fall,0
495,2018-08-22,ETHUSD,281.49,298.99,259.11,270.47,156249.02,43487128.1,Fall,0
496,2018-08-21,ETHUSD,270.76,286.42,269.13,281.49,70794.12,19629932.34,Rise,2
497,2018-08-20,ETHUSD,300.03,304.0,268.02,270.76,112574.45,31911077.26,Fall,0
498,2018-08-19,ETHUSD,296.61,307.65,289.33,300.03,62584.69,18638319.07,Rise,2
499,2018-08-18,ETHUSD,317.54,322.16,283.1,296.61,101805.05,30594763.49,Fall,0
500,2018-08-17,ETHUSD,286.67,319.0,285.42,317.54,164089.67,49488392.79,Rise,2
501,2018-08-16,ETHUSD,281.21,298.89,277.84,286.67,117692.3,33921385.41,Fall,0
502,2018-08-15,ETHUSD,278.37,305.4,275.93,281.21,259286.11,74972492.46,Fall,0
503,2018-08-14,ETHUSD,284.11,285.0,250.28,278.37,349128.4,92206705.77,Fall,0
504,2018-08-13,ETHUSD,318.15,322.27,281.41,284.11,213719.18,63518596.52,Rise,2
505,2018-08-12,ETHUSD,312.65,312.65,312.65,312.65,0.0,0.0,Rise,2
506,2018-08-11,ETHUSD,330.99,332.0,310.32,312.65,62531.65,19964155.61,Stag,1
507,2018-08-10,ETHUSD,363.99,366.46,326.0,330.99,99696.89,34476553.11,Rise,2
508,2018-08-09,ETHUSD,355.7,371.09,351.0,363.99,91569.92,33146909.84,Rise,2
509,2018-08-08,ETHUSD,378.08,380.77,347.18,355.7,181154.7,65617914.46,Fall,0
510,2018-08-07,ETHUSD,404.99,410.0,369.1,378.08,74274.76,29017762.06,Rise,2
511,2018-08-06,ETHUSD,408.83,413.17,401.0,404.99,35224.07,14303450.85,Rise,2
512,2018-08-05,ETHUSD,407.0,413.33,400.5,408.83,30063.52,12207924.38,Rise,2
513,2018-08-04,ETHUSD,417.8,419.16,401.0,407.0,36775.06,15068691.96,Stag,1
514,2018-08-03,ETHUSD,410.71,420.27,395.0,417.8,86027.37,34983118.55,Rise,2
515,2018-08-02,ETHUSD,419.6,424.61,407.29,410.71,43251.21,17900618.41,Fall,0
516,2018-08-01,ETHUSD,432.16,435.48,407.78,419.6,73452.8,30807918.3,Rise,2
517,2018-07-31,ETHUSD,456.47,457.3,427.33,432.16,57334.24,25036791.62,Rise,2
518,2018-07-30,ETHUSD,466.01,469.0,446.0,456.47,47834.01,21847823.23,Rise,2
519,2018-07-29,ETHUSD,468.12,471.37,462.0,466.01,19933.71,9292223.1,Rise,2
520,2018-07-28,ETHUSD,469.3,471.01,461.25,468.12,18686.65,8725695.14,Stag,1
521,2018-07-27,ETHUSD,461.42,473.33,454.25,469.3,43232.8,20073528.1,Stag,1
522,2018-07-26,ETHUSD,470.81,483.88,460.0,461.42,46937.07,22216152.67,Fall,0
523,2018-07-25,ETHUSD,478.78,484.43,463.55,470.81,61154.04,29015958.82,Rise,2
524,2018-07-24,ETHUSD,449.0,483.92,447.99,478.78,85029.71,39952757.95,Rise,2
525,2018-07-23,ETHUSD,456.9,469.3,445.66,449.0,59338.49,27160116.83,Fall,0
526,2018-07-22,ETHUSD,461.5,471.74,455.0,456.9,29849.82,13805523.2,Rise,2
527,2018-07-21,ETHUSD,448.21,468.85,442.0,461.5,31111.47,14278165.26,Rise,2
528,2018-07-20,ETHUSD,468.39,468.73,441.0,448.21,61048.59,27847066.85,Fall,0
529,2018-07-19,ETHUSD,478.81,483.88,462.16,468.39,50581.94,23880537.85,Rise,2
530,2018-07-18,ETHUSD,499.01,515.88,468.85,478.81,94827.67,46779563.77,Rise,2
531,2018-07-17,ETHUSD,478.18,510.79,466.1,499.01,92119.31,45062392.53,Rise,2
532,2018-07-16,ETHUSD,449.41,479.92,444.05,478.18,63612.87,29769353.57,Fall,0
533,2018-07-15,ETHUSD,434.13,454.21,431.29,449.41,33325.87,14852359.05,Fall,0
534,2018-07-14,ETHUSD,432.8,439.99,428.13,434.13,23906.65,10379674.15,Fall,0
535,2018-07-13,ETHUSD,431.46,442.31,425.1,432.8,50436.29,21933016.06,Stag,1
536,2018-07-12,ETHUSD,446.25,447.17,418.23,431.46,49757.95,21457578.16,Stag,1
537,2018-07-11,ETHUSD,432.59,448.54,425.34,446.25,66210.14,29106538.05,Rise,2
538,2018-07-10,ETHUSD,471.6,473.0,427.88,432.59,95651.51,42586650.82,Fall,0
539,2018-07-09,ETHUSD,486.08,488.0,469.0,471.6,44924.79,21491496.64,Rise,2
540,2018-07-08,ETHUSD,484.48,494.74,479.31,486.08,38259.09,18623873.16,Rise,2
541,2018-07-07,ETHUSD,469.3,486.69,462.0,484.48,31689.56,14927137.74,Stag,1
542,2018-07-06,ETHUSD,467.25,474.99,451.68,469.3,40899.9,19062799.82,Fall,0
543,2018-07-05,ETHUSD,466.9,477.99,457.85,467.25,53857.11,25244986.39,Stag,1
544,2018-07-04,ETHUSD,461.75,482.01,451.35,466.9,56448.95,26343207.39,Stag,1
545,2018-07-03,ETHUSD,476.34,486.76,459.31,461.75,67116.85,31705086.4,Fall,0
546,2018-07-02,ETHUSD,451.43,481.98,442.79,476.34,68661.24,32025850.13,Rise,2
547,2018-07-01,ETHUSD,453.29,455.87,444.85,451.43,33616.5,15146943.94,Fall,0
548,2018-06-30,ETHUSD,434.6,462.49,434.5,453.29,57061.02,25635348.33,Stag,1
549,2018-06-29,ETHUSD,420.0,442.0,404.22,434.6,94907.82,39610851.79,Fall,0
550,2018-06-28,ETHUSD,441.41,443.78,417.0,420.0,55866.2,24089323.95,Fall,0
551,2018-06-27,ETHUSD,429.08,446.0,420.12,441.41,69995.83,30243406.12,Rise,2
552,2018-06-26,ETHUSD,458.41,460.72,429.0,429.08,74938.63,33392996.37,Fall,0
553,2018-06-25,ETHUSD,454.79,473.27,445.0,458.41,80945.37,37157310.24,Rise,2
554,2018-06-24,ETHUSD,475.17,476.9,421.1,454.79,142862.65,63789853.15,Fall,0
555,2018-06-23,ETHUSD,462.01,481.74,457.87,475.17,47244.56,22260871.06,Rise,2
556,2018-06-22,ETHUSD,525.49,525.65,449.02,462.01,151090.1,72216362.11,Fall,0
557,2018-06-21,ETHUSD,536.0,544.23,521.5,525.49,48892.68,26032187.41,Rise,2
558,2018-06-20,ETHUSD,538.5,541.8,516.67,536.0,58479.66,30931573.3,Rise,2
559,2018-06-19,ETHUSD,517.47,547.4,514.45,538.5,69096.18,36680610.65,Stag,1
560,2018-06-18,ETHUSD,496.5,525.0,488.0,517.47,70868.48,35923728.96,Fall,0
561,2018-06-17,ETHUSD,497.31,507.83,493.33,496.5,34226.38,17120744.25,Fall,0
562,2018-06-16,ETHUSD,487.45,502.81,484.12,497.31,42779.8,21176859.4,Stag,1
563,2018-06-15,ETHUSD,519.75,521.0,482.0,487.45,96893.05,48506479.26,Fall,0
564,2018-06-14,ETHUSD,476.02,529.34,459.46,519.75,207991.19,103522954.18,Rise,2
565,2018-06-13,ETHUSD,494.14,502.4,450.11,476.02,160593.09,76212244.03,Fall,0
566,2018-06-12,ETHUSD,531.68,538.99,485.0,494.14,115569.97,58847310.41,Rise,2
567,2018-06-11,ETHUSD,525.25,536.85,509.97,531.68,109138.53,57128600.42,Rise,2
568,2018-06-10,ETHUSD,593.41,593.41,505.0,525.25,131453.48,71125138.71,Fall,0
569,2018-06-09,ETHUSD,598.59,608.0,591.81,593.41,25904.5,15573870.9,Rise,2
570,2018-06-08,ETHUSD,603.56,607.0,591.0,598.59,37162.46,22280071.08,Rise,2
571,2018-06-07,ETHUSD,606.18,615.26,594.01,603.56,79195.76,47915825.96,Rise,2
572,2018-06-06,ETHUSD,607.6,611.69,592.76,606.18,67121.97,40416713.5,Stag,1
573,2018-06-05,ETHUSD,591.5,612.0,574.77,607.6,70392.81,41915296.42,Stag,1
574,2018-06-04,ETHUSD,618.63,626.55,576.28,591.5,63602.98,37958150.51,Fall,0
575,2018-06-03,ETHUSD,590.46,627.83,590.46,618.63,48953.48,30045741.8,Rise,2
576,2018-06-02,ETHUSD,578.89,600.0,571.75,590.46,60266.15,35320118.74,Fall,0
577,2018-06-01,ETHUSD,577.1,588.0,561.49,578.89,89495.25,51239474.38,Fall,0
578,2018-05-31,ETHUSD,557.22,589.0,553.6,577.1,93197.14,53537536.55,Stag,1
579,2018-05-30,ETHUSD,566.66,585.92,541.23,557.22,94445.54,52961594.41,Fall,0
580,2018-05-29,ETHUSD,511.33,573.53,510.91,566.66,130626.85,71471747.75,Rise,2
581,2018-05-28,ETHUSD,570.75,575.0,507.0,511.33,110242.59,58603747.26,Fall,0
582,2018-05-27,ETHUSD,584.99,589.5,556.0,570.75,52997.24,30324539.02,Rise,2
583,2018-05-26,ETHUSD,584.02,606.0,577.65,584.99,43858.88,26036976.23,Rise,2
584,2018-05-25,ETHUSD,603.0,616.0,568.27,584.02,95334.71,56644888.27,Stag,1
585,2018-05-24,ETHUSD,577.2,609.21,545.36,603.0,132716.79,77524898.56,Rise,2
586,2018-05-23,ETHUSD,640.5,648.46,563.27,577.2,196828.45,118757430.45,Fall,0
587,2018-05-22,ETHUSD,696.77,699.0,638.0,640.5,94466.09,62992057.21,Rise,2
588,2018-05-21,ETHUSD,714.0,717.0,686.52,696.77,46748.57,32841915.46,Rise,2
589,2018-05-20,ETHUSD,695.96,723.0,687.7,714.0,48768.95,34675570.97,Rise,2
590,2018-05-19,ETHUSD,694.5,715.76,677.7,695.96,44895.71,31311407.72,Fall,0
591,2018-05-18,ETHUSD,668.56,694.71,656.5,694.5,80879.45,54698883.51,Stag,1
592,2018-05-17,ETHUSD,707.45,717.17,661.0,668.56,77681.37,53802364.81,Fall,0
593,2018-05-16,ETHUSD,706.08,710.44,677.55,707.45,83332.92,57790727.85,Rise,2
594,2018-05-15,ETHUSD,726.9,738.0,694.75,706.08,92613.08,66727835.57,Stag,1
595,2018-05-14,ETHUSD,729.29,745.0,684.8,726.9,154997.01,111296760.99,Rise,2
596,2018-05-13,ETHUSD,684.66,740.31,671.0,729.29,78546.64,55933865.29,Stag,1
597,2018-05-12,ETHUSD,678.05,692.39,638.88,684.66,101042.73,67654109.5,Fall,0
598,2018-05-11,ETHUSD,723.51,735.19,662.6,678.05,175277.2,121383936.12,Fall,0
599,2018-05-10,ETHUSD,750.0,768.0,723.01,723.51,83048.8,62084388.22,Rise,2
600,2018-05-09,ETHUSD,746.99,759.5,708.8,750.0,96171.49,70841297.13,Rise,2
601,2018-05-08,ETHUSD,752.42,776.0,720.0,746.99,122721.47,91650830.07,Stag,1
602,2018-05-07,ETHUSD,784.28,789.98,695.12,752.42,212962.73,156762360.11,Rise,2
603,2018-05-06,ETHUSD,812.0,828.97,750.7,784.28,99318.87,78244583.06,Rise,2
604,2018-05-05,ETHUSD,783.01,824.67,778.5,812.0,93785.39,75657582.61,Rise,2
605,2018-05-04,ETHUSD,775.51,805.31,757.1,783.01,142869.13,111563538.97,Fall,0
606,2018-05-03,ETHUSD,685.02,784.76,684.0,775.51,181350.16,133925587.25,Fall,0
607,2018-05-02,ETHUSD,670.75,689.98,660.63,685.02,97029.73,65675595.56,Fall,0
608,2018-05-01,ETHUSD,669.81,675.01,627.2,670.75,150245.28,97704474.51,Fall,0
609,2018-04-30,ETHUSD,687.51,692.45,662.11,669.81,88961.29,60528460.58,Stag,1
610,2018-04-29,ETHUSD,682.0,696.71,666.04,687.51,66129.72,45186766.99,Rise,2
611,2018-04-28,ETHUSD,642.77,692.58,638.7,682.0,73630.47,49824657.9,Fall,0
612,2018-04-27,ETHUSD,661.13,685.91,639.25,642.77,111601.09,74188522.16,Fall,0
613,2018-04-26,ETHUSD,617.49,666.82,600.0,661.13,141137.95,88742659.25,Rise,2
614,2018-04-25,ETHUSD,703.38,704.0,578.75,617.49,324125.26,206525892.91,Fall,0
615,2018-04-24,ETHUSD,642.85,711.0,642.85,703.38,200066.58,137803751.2,Rise,2
616,2018-04-23,ETHUSD,621.0,647.47,618.7,642.85,91745.79,58590990.78,Fall,0
617,2018-04-22,ETHUSD,605.16,643.47,590.7,621.0,90613.77,56641400.73,Fall,0
618,2018-04-21,ETHUSD,617.17,624.21,572.0,605.16,100181.66,60376723.18,Fall,0
619,2018-04-20,ETHUSD,567.29,622.22,557.4,617.17,177316.95,103958082.68,Rise,2
620,2018-04-19,ETHUSD,525.89,569.95,521.18,567.29,127263.97,69420999.5,Fall,0
621,2018-04-18,ETHUSD,502.42,526.49,501.2,525.89,95960.78,49352794.85,Fall,0
622,2018-04-17,ETHUSD,511.28,521.94,500.49,502.42,93836.96,47877821.66,Fall,0
623,2018-04-16,ETHUSD,533.74,537.5,498.29,511.28,127908.24,65529419.96,Rise,2
624,2018-04-15,ETHUSD,502.4,534.57,502.4,533.74,97808.95,50914422.3,Rise,2
625,2018-04-14,ETHUSD,495.22,513.86,488.0,502.4,76110.4,38140848.54,Fall,0
626,2018-04-13,ETHUSD,493.41,529.36,481.18,495.22,224849.04,113460455.58,Fall,0
627,2018-04-12,ETHUSD,430.81,497.0,413.81,493.41,238534.71,109178070.48,Stag,1
628,2018-04-11,ETHUSD,415.45,433.83,410.11,430.81,88765.33,37324786.17,Fall,0
629,2018-04-10,ETHUSD,398.8,418.26,392.25,415.45,68843.53,27867928.26,Fall,0
630,2018-04-09,ETHUSD,399.9,432.0,388.0,398.8,127435.23,51553120.82,Fall,0
631,2018-04-08,ETHUSD,384.61,404.1,384.61,399.9,61747.81,24419086.11,Stag,1
632,2018-04-07,ETHUSD,370.32,395.9,369.2,384.61,59741.6,22970472.55,Fall,0
633,2018-04-06,ETHUSD,381.55,386.21,363.33,370.32,89315.98,33203912.28,Fall,0
634,2018-04-05,ETHUSD,378.43,387.2,366.54,381.55,90647.05,34236417.33,Rise,2
635,2018-04-04,ETHUSD,416.38,418.0,370.08,378.43,114689.84,44603966.69,Fall,0
636,2018-04-03,ETHUSD,384.0,421.59,380.89,416.38,152807.1,61428715.59,Rise,2
637,2018-04-02,ETHUSD,378.18,393.95,375.36,384.0,89596.37,34497306.85,Fall,0
638,2018-04-01,ETHUSD,394.54,400.65,360.0,378.18,108554.28,41008442.11,Fall,0
639,2018-03-31,ETHUSD,394.46,435.0,388.88,394.54,144527.54,58599887.94,Rise,2
640,2018-03-30,ETHUSD,383.29,411.0,365.0,394.46,278420.31,106543458.14,Stag,1
641,2018-03-29,ETHUSD,445.47,448.0,379.1,383.29,278952.74,112855998.33,Fall,0
642,2018-03-28,ETHUSD,449.0,464.89,439.18,445.47,93147.8,41778706.52,Rise,2
643,2018-03-27,ETHUSD,486.75,493.0,445.0,449.0,153118.55,70690800.36,Rise,2
644,2018-03-26,ETHUSD,522.55,525.0,466.1,486.75,144436.62,70502721.21,Rise,2
645,2018-03-25,ETHUSD,519.57,536.0,510.36,522.55,48861.72,25498788.29,Rise,2
646,2018-03-24,ETHUSD,543.04,545.94,517.7,519.57,51693.57,27673943.67,Stag,1
647,2018-03-23,ETHUSD,539.89,543.04,507.84,543.04,84295.53,43980747.44,Rise,2
648,2018-03-22,ETHUSD,559.98,578.73,517.6,539.89,92291.93,50071268.3,Stag,1
649,2018-03-21,ETHUSD,558.0,589.75,545.2,559.98,115161.56,65506531.66,Rise,2
650,2018-03-20,ETHUSD,555.55,567.04,516.53,558.0,148891.98,81288804.8,Stag,1
651,2018-03-19,ETHUSD,538.0,560.9,516.4,555.55,177641.14,96077916.73,Stag,1
652,2018-03-18,ETHUSD,549.79,574.0,450.0,538.0,409384.42,204673475.08,Fall,0
653,2018-03-17,ETHUSD,600.52,609.94,541.11,549.79,97573.38,55823645.71,Rise,2
654,2018-03-16,ETHUSD,610.99,626.13,585.0,600.52,87874.25,53600255.89,Rise,2
655,2018-03-15,ETHUSD,614.63,621.47,571.16,610.99,143869.0,85999396.91,Rise,2
656,2018-03-14,ETHUSD,690.39,702.5,585.52,614.63,142152.46,90311315.9,Stag,1
657,2018-03-13,ETHUSD,696.51,713.45,679.78,690.39,61445.84,42528427.11,Rise,2
658,2018-03-12,ETHUSD,719.79,739.0,678.0,696.51,71751.41,50752087.42,Rise,2
659,2018-03-11,ETHUSD,683.6,735.0,666.0,719.79,66887.24,46895001.95,Rise,2
660,2018-03-10,ETHUSD,728.46,749.0,680.2,683.6,66035.23,47570441.83,Fall,0
661,2018-03-09,ETHUSD,698.83,734.0,641.6,728.46,162041.5,110795291.46,Rise,2
662,2018-03-08,ETHUSD,751.38,774.0,686.0,698.83,103420.35,75069227.76,Fall,0
663,2018-03-07,ETHUSD,815.43,825.0,724.0,751.38,127281.5,96964275.13,Rise,2
664,2018-03-06,ETHUSD,848.83,849.97,801.01,815.43,57328.2,47392056.25,Rise,2
665,2018-03-05,ETHUSD,861.74,866.0,848.83,848.83,38758.29,33279801.24,Rise,2
666,2018-03-04,ETHUSD,854.34,865.0,836.37,861.74,32005.49,27288599.25,Rise,2
667,2018-03-03,ETHUSD,854.31,866.72,851.04,854.34,33187.93,28546722.25,Fall,0
668,2018-03-02,ETHUSD,868.74,873.12,846.97,854.31,43776.13,37668051.86,Stag,1
669,2018-03-01,ETHUSD,849.99,878.0,845.54,868.74,48899.31,42275824.21,Rise,2
670,2018-02-28,ETHUSD,870.98,887.5,848.21,849.99,58133.38,50595433.19,Fall,0
671,2018-02-27,ETHUSD,867.09,894.0,860.97,870.98,60578.72,53084539.39,Rise,2
672,2018-02-26,ETHUSD,841.96,877.5,835.0,867.09,63250.59,54427597.14,Stag,1
673,2018-02-25,ETHUSD,833.2,849.26,816.89,841.96,38291.2,31990949.42,Fall,0
674,2018-02-24,ETHUSD,854.01,874.66,808.37,833.2,63968.83,53690578.01,Fall,0
675,2018-02-23,ETHUSD,806.0,883.0,786.4,854.01,99595.59,83650514.41,Rise,2
676,2018-02-22,ETHUSD,840.34,870.0,790.01,806.0,101411.56,83281536.33,Fall,0
677,2018-02-21,ETHUSD,884.76,908.15,817.01,840.34,128091.08,110099877.7,Rise,2
678,2018-02-20,ETHUSD,939.01,958.0,875.0,884.76,108323.32,100249666.54,Rise,2
679,2018-02-19,ETHUSD,912.41,956.0,911.0,939.01,51464.5,48264429.44,Rise,2
680,2018-02-18,ETHUSD,975.0,982.99,909.1,912.41,94527.04,89097714.86,Fall,0
681,2018-02-17,ETHUSD,936.02,976.79,934.2,975.0,72522.39,69779993.19,Rise,2
682,2018-02-16,ETHUSD,929.3,944.92,910.8,936.02,79102.83,73649640.03,Fall,0
683,2018-02-15,ETHUSD,920.27,948.23,905.49,929.3,131225.07,121775173.56,Fall,0
684,2018-02-14,ETHUSD,840.49,924.7,839.45,920.27,163475.74,145467815.14,Fall,0
685,2018-02-13,ETHUSD,864.4,867.48,826.0,840.49,69322.43,58507170.74,Fall,0
686,2018-02-12,ETHUSD,811.35,874.03,810.99,864.4,88046.97,75144272.41,Rise,2
687,2018-02-11,ETHUSD,849.47,851.77,780.0,811.35,99152.51,81308495.68,Fall,0
688,2018-02-10,ETHUSD,875.99,908.76,815.0,849.47,153410.82,132968606.31,Rise,2
689,2018-02-09,ETHUSD,812.0,879.2,780.0,875.99,163125.96,136643584.82,Rise,2
690,2018-02-08,ETHUSD,750.04,843.0,747.82,812.0,179532.03,144121843.56,Fall,0
691,2018-02-07,ETHUSD,783.83,864.49,718.03,750.04,342377.72,271817279.01,Fall,0
692,2018-02-06,ETHUSD,693.54,807.5,555.56,783.83,724904.53,487312087.6,Rise,2
693,2018-02-05,ETHUSD,826.0,857.5,615.0,693.54,556041.26,400225832.72,Fall,0
694,2018-02-04,ETHUSD,969.4,970.4,783.27,826.0,206467.92,179475868.51,Rise,2
695,2018-02-03,ETHUSD,911.99,998.0,841.61,969.4,190127.22,177128763.25,Rise,2
696,2018-02-02,ETHUSD,1017.48,1020.48,726.43,911.99,544474.95,487774968.42,Fall,0
697,2018-02-01,ETHUSD,1105.0,1143.0,930.0,1017.48,308093.39,321672225.12,Rise,2
698,2018-01-31,ETHUSD,1054.39,1121.03,1013.25,1105.0,167767.66,179717810.57,Rise,2
699,2018-01-30,ETHUSD,1162.27,1171.0,1025.0,1054.39,220058.79,239959019.68,Fall,0
700,2018-01-29,ETHUSD,1215.01,1221.74,1137.2,1162.27,120882.1,141102467.69,Rise,2
701,2018-01-28,ETHUSD,1100.0,1224.0,1087.94,1215.01,164654.9,191902216.48,Rise,2
702,2018-01-27,ETHUSD,1045.57,1118.98,1030.0,1100.0,111977.09,120570461.77,Fall,0
703,2018-01-26,ETHUSD,1040.0,1071.75,987.54,1045.57,133679.04,138418187.04,Fall,0
704,2018-01-25,ETHUSD,1056.99,1098.74,1014.9,1040.0,159131.45,168874122.08,Stag,1
705,2018-01-24,ETHUSD,984.03,1056.99,952.68,1056.99,149999.5,151249762.76,Rise,2
706,2018-01-23,ETHUSD,999.68,1019.0,905.0,984.03,201639.94,196387474.02,Fall,0
707,2018-01-22,ETHUSD,1047.13,1080.0,917.0,999.68,204309.19,202377929.3,Rise,2
708,2018-01-21,ETHUSD,1150.02,1151.0,1011.0,1047.13,147787.86,158124230.09,Rise,2
709,2018-01-20,ETHUSD,1037.45,1164.97,1036.08,1150.02,158694.23,176404493.33,Rise,2
710,2018-01-19,ETHUSD,1025.78,1093.0,994.4,1037.45,158648.34,164823297.11,Fall,0
711,2018-01-18,ETHUSD,1028.06,1100.0,951.0,1025.78,336528.66,350676894.63,Fall,0
712,2018-01-17,ETHUSD,1080.0,1164.4,757.0,1028.06,791710.8,736027535.89,Stag,1
713,2018-01-16,ETHUSD,1278.63,1285.57,852.01,1080.0,579557.94,617688885.39,Rise,2
714,2018-01-15,ETHUSD,1365.46,1380.97,1269.01,1278.63,119057.72,157026819.85,Rise,2
715,2018-01-14,ETHUSD,1386.02,1389.11,1256.01,1365.46,131600.19,175703182.18,Rise,2
716,2018-01-13,ETHUSD,1260.0,1419.96,1259.99,1386.02,183918.99,248668724.98,Rise,2
717,2018-01-12,ETHUSD,1137.01,1285.0,1089.18,1260.0,190313.92,230563476.08,Fall,0
718,2018-01-11,ETHUSD,1246.95,1335.0,1083.97,1137.01,350252.85,420030363.98,Fall,0
719,2018-01-10,ETHUSD,1290.01,1386.99,1207.61,1246.95,348207.24,455622468.29,Rise,2
720,2018-01-09,ETHUSD,1137.01,1297.58,1119.0,1290.01,254757.33,308934115.32,Rise,2
721,2018-01-08,ETHUSD,1118.3,1228.99,951.0,1137.01,349324.21,395312780.75,Fall,0
722,2018-01-07,ETHUSD,1006.68,1118.3,1003.02,1118.3,165746.64,176519091.6,Fall,0
723,2018-01-06,ETHUSD,969.27,1009.11,961.23,1006.68,119847.93,118766448.47,Fall,0
724,2018-01-05,ETHUSD,949.0,1015.0,935.0,969.27,257910.95,251956164.03,Fall,0
725,2018-01-04,ETHUSD,938.31,994.89,906.01,949.0,282568.57,269232364.82,Fall,0
726,2018-01-03,ETHUSD,865.0,949.98,850.11,938.31,268708.47,241097653.15,Fall,0
727,2018-01-02,ETHUSD,759.03,878.5,759.02,865.0,335080.13,282663894.66,Fall,0
728,2018-01-01,ETHUSD,741.27,764.97,727.14,759.03,83751.51,62482198.79,Fall,0
729,2017-12-31,ETHUSD,710.58,751.0,699.0,741.27,84051.58,60926498.69,Fall,0
730,2017-12-30,ETHUSD,748.89,748.9,691.1,710.58,128727.67,92607974.2,Fall,0
731,2017-12-29,ETHUSD,719.5,755.0,713.0,748.89,143781.49,106051307.18,Rise,2
732,2017-12-28,ETHUSD,739.99,742.31,676.03,719.5,169702.64,119741787.54,Fall,0
733,2017-12-27,ETHUSD,755.07,767.0,706.0,739.99,121822.72,90191247.25,Rise,2
734,2017-12-26,ETHUSD,740.5,771.0,738.07,755.07,98761.39,74310569.35,Rise,2
735,2017-12-25,ETHUSD,697.04,759.88,693.5,740.5,118894.8,86804964.19,Fall,0
736,2017-12-24,ETHUSD,732.8,734.86,641.14,697.04,157409.52,107600462.0,Fall,0
737,2017-12-23,ETHUSD,682.11,774.99,670.0,732.8,192493.97,140438510.6,Rise,2
738,2017-12-22,ETHUSD,796.98,799.95,460.0,682.11,743873.43,485222147.24,Fall,0
739,2017-12-21,ETHUSD,802.86,845.0,767.15,796.98,232713.18,187492726.28,Rise,2
740,2017-12-20,ETHUSD,826.65,833.6,701.0,802.86,303676.49,240544037.8,Rise,2
741,2017-12-19,ETHUSD,785.65,875.0,770.38,826.65,381894.64,314535254.6,Rise,2
742,2017-12-18,ETHUSD,732.18,798.81,695.0,785.65,289140.71,216470423.09,Fall,0
743,2017-12-17,ETHUSD,704.18,746.93,703.0,732.18,155067.98,112638702.01,Fall,0
744,2017-12-16,ETHUSD,693.5,735.0,684.16,704.27,180036.77,126274172.33,Fall,0
745,2017-12-15,ETHUSD,705.01,706.0,618.19,693.5,284248.1,190617186.31,Fall,0
746,2017-12-14,ETHUSD,711.94,758.0,660.83,705.01,372341.08,267837586.75,Rise,2
747,2017-12-13,ETHUSD,686.82,784.77,606.0,711.94,693903.3,482343884.21,Rise,2
748,2017-12-12,ETHUSD,518.0,714.0,501.11,686.82,725482.33,420734054.62,Fall,0
749,2017-12-11,ETHUSD,447.71,519.49,445.75,518.0,262247.88,126402835.43,Fall,0
750,2017-12-10,ETHUSD,485.04,486.13,438.0,447.71,192178.32,87760499.48,Fall,0
751,2017-12-09,ETHUSD,463.45,535.1,450.0,485.04,465089.3,229413184.61,Rise,2
752,2017-12-08,ETHUSD,433.28,479.1,420.01,463.45,381432.22,172178710.92,Fall,0
753,2017-12-07,ETHUSD,432.49,448.89,415.01,433.28,312218.19,135375010.12,Fall,0
754,2017-12-06,ETHUSD,457.3,461.99,425.01,432.49,330168.85,146779503.82,Stag,1
755,2017-12-05,ETHUSD,468.22,470.0,451.56,457.3,136130.56,62927433.49,Rise,2
756,2017-12-04,ETHUSD,464.76,473.0,449.4,468.22,130971.97,60565575.13,Rise,2
757,2017-12-03,ETHUSD,460.34,483.5,450.0,464.76,155319.05,72814695.64,Fall,0
758,2017-12-02,ETHUSD,463.82,474.96,451.21,460.34,153359.34,71316440.44,Fall,0
759,2017-12-01,ETHUSD,434.03,468.43,421.58,463.82,187467.26,83992148.3,Rise,2
760,2017-11-30,ETHUSD,434.01,470.0,401.5,434.03,337291.89,145834049.94,Fall,0
761,2017-11-29,ETHUSD,468.52,518.13,410.09,434.01,446414.24,210512455.72,Stag,1
762,2017-11-28,ETHUSD,477.53,483.0,463.6,468.52,170876.7,80711075.57,Rise,2
763,2017-11-27,ETHUSD,473.99,492.99,462.1,477.53,214573.14,102690422.27,Rise,2
764,2017-11-26,ETHUSD,466.77,477.65,451.81,473.99,178470.5,82662051.06,Fall,0
765,2017-11-25,ETHUSD,470.98,488.0,456.0,466.77,245767.37,115698848.45,Fall,0
766,2017-11-24,ETHUSD,406.61,479.89,401.0,470.98,322816.29,143016102.82,Rise,2
767,2017-11-23,ETHUSD,381.73,428.6,376.04,406.61,300290.46,121595850.44,Fall,0
768,2017-11-22,ETHUSD,361.51,382.96,361.0,381.73,121570.92,45008439.9,Fall,0
769,2017-11-21,ETHUSD,368.24,372.99,350.5,361.51,184909.31,67084561.31,Fall,0
770,2017-11-20,ETHUSD,354.59,373.75,354.24,368.24,122429.34,44557409.8,Rise,2
771,2017-11-19,ETHUSD,346.6,374.7,344.01,354.59,194323.57,69421270.28,Fall,0
772,2017-11-18,ETHUSD,332.31,349.0,328.22,346.6,97884.46,33115060.34,Fall,0
773,2017-11-17,ETHUSD,330.21,334.3,326.46,332.31,91391.19,30249994.34,Fall,0
774,2017-11-16,ETHUSD,331.81,334.8,321.91,330.21,128817.68,42297954.6,Stag,1
775,2017-11-15,ETHUSD,335.04,340.84,326.0,331.81,126289.99,42145249.08,Stag,1
776,2017-11-14,ETHUSD,315.56,336.91,315.5,335.04,192627.96,63175665.16,Rise,2
777,2017-11-13,ETHUSD,307.1,319.0,306.5,315.56,136277.34,42928263.89,Fall,0
778,2017-11-12,ETHUSD,315.69,316.55,301.04,307.1,171074.14,52886758.56,Fall,0
779,2017-11-11,ETHUSD,298.04,319.94,297.67,315.69,116590.68,36070041.1,Rise,2
780,2017-11-10,ETHUSD,320.72,325.12,291.3,298.04,151867.91,46451792.67,Fall,0
781,2017-11-09,ETHUSD,307.91,329.47,307.01,320.72,152292.53,48807054.55,Rise,2
782,2017-11-08,ETHUSD,292.42,319.89,291.0,307.91,216181.94,66422175.9,Fall,0
783,2017-11-07,ETHUSD,297.32,304.0,287.0,292.42,139457.39,40893417.73,Fall,0
784,2017-11-06,ETHUSD,296.57,304.9,292.0,297.32,86784.66,25945235.9,Rise,2
785,2017-11-05,ETHUSD,301.66,302.0,295.64,296.57,52496.91,15644427.25,Stag,1
786,2017-11-04,ETHUSD,306.0,306.0,295.0,301.66,61767.05,18523272.27,Rise,2
787,2017-11-03,ETHUSD,285.4,308.06,285.4,306.0,117086.48,34846865.74,Rise,2
788,2017-11-02,ETHUSD,290.82,295.51,278.88,285.4,194140.11,55697567.45,Fall,0
789,2017-11-01,ETHUSD,303.51,305.0,289.51,290.82,111494.96,33210994.21,Rise,2
790,2017-10-31,ETHUSD,306.87,309.94,303.49,303.51,58658.29,18022322.63,Rise,2
791,2017-10-30,ETHUSD,303.38,309.69,302.53,306.87,40747.46,12490218.99,Rise,2
792,2017-10-29,ETHUSD,295.11,310.0,294.42,303.38,62428.01,19007680.66,Fall,0
793,2017-10-28,ETHUSD,297.59,297.9,293.51,295.11,26251.61,7758822.91,Fall,0
794,2017-10-27,ETHUSD,295.98,298.98,291.57,297.59,38403.14,11377539.3,Rise,2
795,2017-10-26,ETHUSD,296.76,299.95,293.81,295.98,46475.25,13799993.52,Stag,1
796,2017-10-25,ETHUSD,296.99,300.97,288.05,296.76,70233.52,20716448.32,Stag,1
797,2017-10-24,ETHUSD,285.83,311.7,280.3,296.99,165326.3,50098871.26,Stag,1
798,2017-10-23,ETHUSD,295.14,295.15,275.46,285.83,127944.56,36344513.02,Fall,0
799,2017-10-22,ETHUSD,300.0,306.55,291.81,295.14,61487.07,18254446.48,Rise,2
800,2017-10-21,ETHUSD,303.15,303.74,291.38,300.0,110535.8,32917792.69,Rise,2
801,2017-10-20,ETHUSD,308.02,311.53,302.0,303.15,91536.02,28086354.25,Rise,2
802,2017-10-19,ETHUSD,313.59,316.21,305.34,308.02,81119.87,25140959.72,Rise,2
803,2017-10-18,ETHUSD,316.37,316.53,287.4,313.59,163663.92,49677659.8,Rise,2
804,2017-10-17,ETHUSD,334.36,334.66,310.5,316.37,110893.62,35735837.76,Rise,2
805,2017-10-16,ETHUSD,336.89,350.0,330.84,334.36,132572.3,45212742.16,Rise,2
806,2017-10-15,ETHUSD,338.37,341.0,320.0,336.89,99654.04,33057629.74,Rise,2
807,2017-10-14,ETHUSD,335.89,347.0,332.53,338.37,88124.17,30063215.82,Stag,1
808,2017-10-13,ETHUSD,302.12,345.0,298.29,335.89,260364.5,84595762.03,Fall,0
809,2017-10-12,ETHUSD,302.0,307.0,300.3,302.12,112978.85,34372037.18,Fall,0
810,2017-10-11,ETHUSD,297.99,303.0,297.53,302.0,45172.03,13574161.8,Stag,1
811,2017-10-10,ETHUSD,297.0,305.0,290.23,297.99,85158.91,25465505.01,Fall,0
812,2017-10-09,ETHUSD,309.2,309.32,285.88,297.0,132885.36,39606638.87,Stag,1
813,2017-10-08,ETHUSD,311.12,313.6,308.62,309.2,43824.13,13644500.37,Rise,2
814,2017-10-07,ETHUSD,307.73,314.62,304.57,311.12,62354.78,19300115.95,Stag,1
815,2017-10-06,ETHUSD,294.89,308.5,294.21,307.73,81571.08,24628265.3,Fall,0
816,2017-10-05,ETHUSD,292.0,296.99,286.69,294.89,44261.68,12953531.97,Fall,0
817,2017-10-04,ETHUSD,292.36,295.0,289.62,292.0,41538.9,12151300.18,Fall,0
818,2017-10-03,ETHUSD,296.72,299.0,287.65,292.36,58247.44,17049019.04,Stag,1
819,2017-10-02,ETHUSD,303.25,303.5,293.73,296.72,60463.83,18032390.9,Rise,2
820,2017-10-01,ETHUSD,301.57,303.25,295.75,303.25,41100.68,12323453.94,Rise,2
821,2017-09-30,ETHUSD,291.88,304.69,291.25,301.57,60055.73,17989413.72,Stag,1
822,2017-09-29,ETHUSD,302.33,302.6,278.0,291.88,152759.33,44269866.59,Fall,0
823,2017-09-28,ETHUSD,309.85,310.0,298.1,302.33,90132.95,27388129.98,Rise,2
824,2017-09-27,ETHUSD,288.77,312.75,288.25,309.85,116061.3,34922345.26,Rise,2
825,2017-09-26,ETHUSD,294.41,295.48,286.2,288.77,61231.12,17844632.84,Fall,0
826,2017-09-25,ETHUSD,283.21,296.7,282.66,294.41,88828.97,25958608.72,Rise,2
827,2017-09-24,ETHUSD,286.03,294.89,276.23,283.21,90828.53,25966522.89,Fall,0
828,2017-09-23,ETHUSD,263.88,286.63,260.02,286.03,77758.19,21498585.99,Rise,2
829,2017-09-22,ETHUSD,258.11,272.0,254.01,263.88,118061.66,30932093.85,Fall,0
830,2017-09-21,ETHUSD,283.55,286.99,252.55,258.11,201694.74,54203044.57,Fall,0
831,2017-09-20,ETHUSD,282.8,293.58,278.04,283.55,105622.63,30247969.64,Rise,2
832,2017-09-19,ETHUSD,298.0,301.0,275.25,282.8,164199.97,47190323.76,Stag,1
833,2017-09-18,ETHUSD,259.66,303.5,259.65,298.0,287425.78,82904263.85,Rise,2
834,2017-09-17,ETHUSD,255.84,271.2,240.15,259.66,122774.31,31386819.6,Fall,0
835,2017-09-16,ETHUSD,260.88,278.0,247.1,255.84,177743.79,46479611.19,Fall,0
836,2017-09-15,ETHUSD,223.85,269.99,202.25,260.88,639753.85,152861086.03,Rise,2
837,2017-09-14,ETHUSD,275.71,280.75,221.3,223.85,491857.08,119474609.09,Fall,0
838,2017-09-13,ETHUSD,294.5,294.5,256.41,275.71,319936.08,87501576.34,Rise,2
839,2017-09-12,ETHUSD,298.47,316.19,286.0,294.5,182914.81,54966905.24,Rise,2
840,2017-09-11,ETHUSD,300.33,307.97,288.03,298.47,129694.67,38559083.79,Rise,2
841,2017-09-10,ETHUSD,304.99,306.5,285.13,300.33,118799.61,35305619.18,Stag,1
842,2017-09-09,ETHUSD,307.96,313.87,294.51,304.99,92737.57,28121304.27,Rise,2
843,2017-09-08,ETHUSD,335.56,335.56,292.8,307.96,285619.99,88214346.62,Rise,2
844,2017-09-07,ETHUSD,339.38,339.38,323.26,335.56,101282.57,33592740.02,Rise,2
845,2017-09-06,ETHUSD,320.08,345.0,319.3,339.38,191401.76,64069286.75,Rise,2
846,2017-09-05,ETHUSD,316.86,325.0,290.03,320.08,294665.64,91169926.68,Fall,0
847,2017-09-04,ETHUSD,353.06,353.15,285.0,316.86,442187.06,138125635.24,Fall,0
848,2017-09-03,ETHUSD,354.87,372.0,344.75,353.06,132749.63,47131803.58,Rise,2
849,2017-09-02,ETHUSD,392.87,393.76,333.0,354.87,282629.78,101415224.91,Stag,1
850,2017-09-01,ETHUSD,389.2,396.88,386.98,392.87,155517.57,61070928.86,Rise,2
851,2017-08-31,ETHUSD,384.1,389.97,381.2,389.2,118009.24,45626353.51,Fall,0
852,2017-08-30,ETHUSD,372.48,392.0,368.3,384.1,162065.05,61612513.22,Fall,0
853,2017-08-29,ETHUSD,347.54,374.91,347.54,372.48,170549.02,62024232.53,Fall,0
854,2017-08-28,ETHUSD,348.2,349.99,336.35,347.54,109186.6,37627134.09,Fall,0
855,2017-08-27,ETHUSD,332.99,348.2,332.44,348.2,91478.74,30972598.55,Stag,1
856,2017-08-26,ETHUSD,330.14,334.51,325.57,332.99,59967.15,19806246.77,Fall,0
857,2017-08-25,ETHUSD,324.56,336.99,324.38,330.14,118194.87,39186766.23,Fall,0
858,2017-08-24,ETHUSD,317.5,328.0,316.0,324.56,77744.58,25033864.82,Fall,0
859,2017-08-23,ETHUSD,314.19,324.61,313.72,317.5,102309.16,32657839.2,Fall,0
860,2017-08-22,ETHUSD,322.0,329.97,292.0,314.19,197047.43,61322529.98,Fall,0
861,2017-08-21,ETHUSD,297.79,344.34,295.27,322.0,311428.04,100520508.89,Rise,2
862,2017-08-20,ETHUSD,293.58,298.5,289.5,297.79,55101.88,16198759.59,Fall,0
863,2017-08-19,ETHUSD,292.87,298.7,287.0,293.58,68001.66,19899757.31,Fall,0
864,2017-08-18,ETHUSD,300.67,306.09,287.0,292.87,132050.12,39234434.29,Stag,1
865,2017-08-17,ETHUSD,300.45,309.41,298.0,300.67,117873.0,35759155.26,Rise,2
866,2017-08-16,ETHUSD,286.71,303.9,280.0,300.45,125230.52,36960066.56,Stag,1
867,2017-08-15,ETHUSD,299.16,299.18,267.0,286.71,212484.41,60469976.2,Fall,0
868,2017-08-14,ETHUSD,296.66,309.35,294.96,299.16,115754.7,34747885.03,Rise,2
869,2017-08-13,ETHUSD,308.35,309.95,287.0,296.66,195188.77,57867177.91,Fall,0
870,2017-08-12,ETHUSD,309.65,319.7,303.61,308.35,174987.74,54919824.11,Rise,2
871,2017-08-11,ETHUSD,300.51,310.0,295.79,309.65,131062.56,39595152.25,Stag,1
872,2017-08-10,ETHUSD,295.26,309.8,288.34,300.51,153582.36,46311401.26,Fall,0
873,2017-08-09,ETHUSD,295.95,314.71,276.55,295.26,463512.56,137831624.85,Fall,0
874,2017-08-08,ETHUSD,269.9,299.45,267.0,295.95,266088.44,76102445.66,Stag,1
875,2017-08-07,ETHUSD,263.96,274.81,257.1,269.9,168116.61,44860354.07,Fall,0
876,2017-08-06,ETHUSD,251.85,273.0,250.99,263.96,237739.39,61950704.21,Fall,0
877,2017-08-05,ETHUSD,220.72,258.98,219.54,251.85,318966.11,76619150.23,Fall,0
878,2017-08-04,ETHUSD,224.0,226.82,219.51,220.72,97638.27,21758153.32,Fall,0
879,2017-08-03,ETHUSD,217.92,227.53,217.35,224.0,113095.97,25244903.38,Rise,2
880,2017-08-02,ETHUSD,225.73,228.8,215.37,217.92,148761.72,32849658.95,Fall,0
881,2017-08-01,ETHUSD,200.82,232.73,200.82,225.73,433959.09,94357485.82,Rise,2
882,2017-07-31,ETHUSD,196.95,201.98,190.78,200.82,117401.55,23092104.62,Fall,0
883,2017-07-30,ETHUSD,205.9,209.9,193.26,196.95,104659.76,20963045.11,Fall,0
884,2017-07-29,ETHUSD,190.72,209.77,178.03,205.9,270176.25,51679328.43,Rise,2
885,2017-07-28,ETHUSD,202.94,203.95,189.34,190.72,170542.13,33233436.3,Fall,0
886,2017-07-27,ETHUSD,203.23,205.0,198.85,202.94,125421.87,25314400.8,Rise,2
887,2017-07-26,ETHUSD,203.78,209.89,193.4,203.23,211168.76,42220511.77,Stag,1
888,2017-07-25,ETHUSD,225.96,226.59,193.0,203.78,365232.02,75296235.06,Stag,1
889,2017-07-24,ETHUSD,228.31,229.99,224.0,225.96,74927.06,17023543.96,Rise,2
890,2017-07-23,ETHUSD,230.69,234.35,221.2,228.31,114698.99,26249308.36,Rise,2
891,2017-07-22,ETHUSD,216.6,237.67,215.1,230.69,177131.67,40118529.07,Rise,2
892,2017-07-21,ETHUSD,226.06,238.0,208.5,216.6,289020.82,64364463.59,Fall,0
893,2017-07-20,ETHUSD,194.73,237.0,194.73,226.06,614039.06,134905285.66,Rise,2
894,2017-07-19,ETHUSD,227.01,243.9,186.01,194.73,767465.83,164393592.53,Fall,0
895,2017-07-18,ETHUSD,190.87,249.4,176.51,227.01,861502.71,182312318.0,Rise,2
896,2017-07-17,ETHUSD,155.68,191.5,153.25,190.87,631922.25,109820156.47,Fall,0
897,2017-07-16,ETHUSD,167.72,172.3,130.26,155.68,608545.97,92584328.03,Fall,0
898,2017-07-15,ETHUSD,197.23,198.97,167.0,167.72,259502.23,47186110.39,Rise,2
899,2017-07-14,ETHUSD,205.0,206.99,183.12,197.23,213004.28,41349453.02,Rise,2
900,2017-07-13,ETHUSD,224.04,227.0,193.07,205.0,226334.24,47054550.83,Rise,2
901,2017-07-12,ETHUSD,190.57,228.88,181.0,224.04,416548.13,86234866.5,Rise,2
902,2017-07-11,ETHUSD,202.86,216.5,175.56,190.57,529292.75,103770299.28,Fall,0
903,2017-07-10,ETHUSD,238.81,240.33,185.39,202.86,390262.56,83595403.95,Rise,2
904,2017-07-09,ETHUSD,246.64,253.31,236.0,238.81,71478.52,17506678.15,Rise,2
905,2017-07-08,ETHUSD,241.28,249.5,231.25,246.64,135292.19,32551056.02,Rise,2
906,2017-07-07,ETHUSD,266.01,266.97,235.01,241.28,173813.04,43235641.32,Fall,0
907,2017-07-06,ETHUSD,266.27,275.0,261.59,266.01,86692.02,23104815.07,Rise,2
908,2017-07-05,ETHUSD,269.2,274.97,252.67,266.27,163719.11,43150162.51,Stag,1
909,2017-07-04,ETHUSD,276.37,282.83,265.0,269.2,109560.95,30109905.28,Rise,2
910,2017-07-03,ETHUSD,285.0,285.0,273.07,276.37,125450.8,35016353.54,Rise,2
911,2017-07-02,ETHUSD,263.12,293.73,255.7,285.0,189772.27,52262287.77,Rise,2
912,2017-07-01,ETHUSD,280.04,281.98,253.23,263.12,177875.83,47415685.5,Fall,0
913,2017-06-30,ETHUSD,292.95,306.5,270.5,280.04,228650.07,65599322.46,Rise,2
914,2017-06-29,ETHUSD,315.32,322.9,286.22,292.95,203290.87,62132254.77,Rise,2
915,2017-06-28,ETHUSD,287.23,323.69,260.11,315.32,400443.84,117593524.91,Rise,2
916,2017-06-27,ETHUSD,252.01,288.51,211.0,287.23,467570.56,115428201.51,Fall,0
917,2017-06-26,ETHUSD,278.49,293.0,206.5,252.01,570509.84,140225606.23,Fall,0
918,2017-06-25,ETHUSD,304.5,310.0,251.3,278.49,263316.16,74023435.12,Rise,2
919,2017-06-24,ETHUSD,326.99,330.7,295.55,304.5,130959.16,41053846.39,Rise,2
920,2017-06-23,ETHUSD,320.02,332.95,316.66,326.99,77361.77,25188926.61,Rise,2
921,2017-06-22,ETHUSD,325.41,336.68,305.0,320.02,148969.08,47698163.15,Fall,0
922,2017-06-21,ETHUSD,350.94,352.0,0.1,325.41,362773.06,109573239.31,Rise,2
923,2017-06-20,ETHUSD,358.71,365.79,325.0,350.94,208984.31,73795531.25,Rise,2
924,2017-06-19,ETHUSD,351.85,362.5,346.88,358.71,102985.08,36653221.42,Rise,2
925,2017-06-18,ETHUSD,368.98,381.66,340.11,351.85,153305.27,55246020.7,Fall,0
926,2017-06-17,ETHUSD,354.26,369.0,341.65,368.98,143736.77,51261725.65,Rise,2
927,2017-06-16,ETHUSD,343.71,364.0,314.0,354.26,256280.74,88134279.02,Fall,0
928,2017-06-15,ETHUSD,341.7,356.29,253.0,343.71,746442.06,231803268.84,Fall,0
929,2017-06-14,ETHUSD,388.0,394.47,315.0,341.7,371647.61,134508919.39,Stag,1
930,2017-06-13,ETHUSD,397.37,400.0,359.75,388.0,269654.04,104082570.78,Rise,2
931,2017-06-12,ETHUSD,343.01,420.0,306.11,397.37,533643.35,198304467.7,Rise,2
932,2017-06-11,ETHUSD,340.2,355.0,317.05,343.01,251081.34,85592217.05,Fall,0
933,2017-06-10,ETHUSD,279.38,358.46,278.03,340.2,422776.34,131572602.85,Fall,0
934,2017-06-09,ETHUSD,258.64,279.39,258.63,279.38,191009.87,51633564.45,Fall,0
935,2017-06-08,ETHUSD,255.68,261.0,250.0,258.64,136840.28,35005691.85,Fall,0
936,2017-06-07,ETHUSD,264.58,265.63,244.98,255.68,217929.53,56362415.22,Fall,0
937,2017-06-06,ETHUSD,248.0,269.36,247.0,264.58,320723.29,82744001.93,Rise,2
938,2017-06-05,ETHUSD,245.5,248.98,241.2,248.0,147943.22,36502542.85,Fall,0
939,2017-06-04,ETHUSD,224.95,249.04,224.0,245.5,212893.42,50959013.68,Fall,0
940,2017-06-03,ETHUSD,222.04,227.5,218.56,224.95,109741.98,24513281.94,Fall,0
941,2017-06-02,ETHUSD,221.91,229.75,216.5,222.04,166352.56,37081095.86,Fall,0
942,2017-06-01,ETHUSD,229.14,238.97,206.02,221.91,345158.11,77389924.49,Stag,1
943,2017-05-31,ETHUSD,228.69,234.76,215.42,229.14,350206.07,79439685.18,Rise,2
944,2017-05-30,ETHUSD,194.82,233.09,185.0,228.69,448179.33,93703935.58,Stag,1
945,2017-05-29,ETHUSD,175.48,199.0,167.0,194.82,218840.44,40622488.98,Fall,0
946,2017-05-28,ETHUSD,159.91,185.0,159.59,175.48,235833.53,40666324.91,Fall,0
947,2017-05-27,ETHUSD,163.8,172.0,115.67,159.91,464987.82,69086549.89,Fall,0
948,2017-05-26,ETHUSD,181.51,199.99,140.0,163.8,437396.51,75414265.02,Rise,2
949,2017-05-25,ETHUSD,196.06,217.85,162.04,181.51,482875.03,96398922.27,Rise,2
950,2017-05-24,ETHUSD,169.95,202.0,167.7,196.06,360830.35,67895079.24,Rise,2
951,2017-05-23,ETHUSD,160.1,177.9,155.7,169.95,269250.5,44761219.81,Fall,0
952,2017-05-22,ETHUSD,148.78,184.22,131.22,160.1,642448.27,105740817.1,Fall,0
953,2017-05-21,ETHUSD,123.63,148.97,122.0,148.78,318574.91,43505747.13,Fall,0
954,2017-05-20,ETHUSD,125.14,129.34,121.0,123.63,198964.37,25031581.26,Fall,0
955,2017-05-19,ETHUSD,96.2,129.98,96.18,125.14,484280.55,54963567.09,Rise,2
956,2017-05-18,ETHUSD,86.88,96.2,86.5,96.2,173249.17,15993643.17,Fall,0
957,2017-05-17,ETHUSD,87.98,89.98,82.5,86.88,152677.51,13232890.86,Fall,0
958,2017-05-16,ETHUSD,91.0,92.3,87.08,87.98,127110.8,11416157.35,Rise,2
959,2017-05-15,ETHUSD,89.39,94.7,89.28,91.0,130441.28,11937509.69,Rise,2
960,2017-05-14,ETHUSD,88.42,89.94,87.13,89.39,53049.01,4713507.67,Fall,0
961,2017-05-13,ETHUSD,85.17,88.74,82.0,88.42,88615.54,7600806.6,Fall,0
962,2017-05-12,ETHUSD,88.3,90.3,82.2,85.17,135056.75,11796903.84,Fall,0
963,2017-05-11,ETHUSD,88.36,90.99,87.01,88.3,115134.68,10213510.73,Rise,2
964,2017-05-10,ETHUSD,86.58,91.98,85.39,88.36,142798.6,12651925.92,Stag,1
965,2017-05-09,ETHUSD,89.25,90.08,75.89,86.58,273001.48,23133637.07,Fall,0
966,2017-05-08,ETHUSD,93.82,94.74,85.1,89.25,210827.43,19027227.25,Rise,2
967,2017-05-07,ETHUSD,95.84,97.95,90.0,93.82,145930.52,13871180.1,Rise,2
968,2017-05-06,ETHUSD,91.93,96.42,91.93,95.84,111326.05,10490087.26,Rise,2
969,2017-05-05,ETHUSD,95.97,98.98,89.0,91.93,240061.94,22792285.13,Fall,0
970,2017-05-04,ETHUSD,81.29,96.66,80.31,95.97,353899.08,31607268.71,Rise,2
971,2017-05-03,ETHUSD,77.55,81.4,75.89,81.29,216364.72,17027417.4,Fall,0
972,2017-05-02,ETHUSD,79.35,83.07,75.54,77.55,208582.4,16427688.06,Fall,0
973,2017-05-01,ETHUSD,80.87,85.21,72.24,79.35,416156.9,33480503.94,Rise,2
974,2017-04-30,ETHUSD,70.4,82.9,70.0,80.87,269888.42,20584476.48,Rise,2
975,2017-04-29,ETHUSD,73.14,74.89,68.24,70.4,242005.37,17346942.58,Fall,0
976,2017-04-28,ETHUSD,63.67,74.9,62.5,73.14,439080.81,29764049.64,Rise,2
977,2017-04-27,ETHUSD,53.42,63.99,52.66,63.67,305748.06,18218315.3,Fall,0
978,2017-04-26,ETHUSD,50.31,54.85,50.25,53.42,187574.5,9911654.68,Fall,0
979,2017-04-25,ETHUSD,50.12,50.75,50.0,50.31,76642.95,3861596.52,Fall,0
980,2017-04-24,ETHUSD,48.96,50.44,48.94,50.12,87525.62,4374104.47,Stag,1
981,2017-04-23,ETHUSD,48.61,49.0,48.25,48.96,52542.67,2555384.2,Fall,0
982,2017-04-22,ETHUSD,48.37,49.08,48.22,48.61,58655.76,2853455.65,Fall,0
983,2017-04-21,ETHUSD,49.38,49.49,48.24,48.37,75751.29,3712932.91,Stag,1
984,2017-04-20,ETHUSD,47.78,49.5,47.6,49.38,93616.82,4546096.81,Rise,2
985,2017-04-19,ETHUSD,49.79,50.32,47.25,47.78,103734.12,5131263.04,Fall,0
986,2017-04-18,ETHUSD,47.94,49.93,47.7,49.79,80984.29,3962080.36,Rise,2
987,2017-04-17,ETHUSD,48.13,48.29,47.5,47.94,54006.9,2587857.02,Fall,0
988,2017-04-16,ETHUSD,48.94,49.25,47.5,48.13,42235.56,2043139.03,Stag,1
989,2017-04-15,ETHUSD,47.2,74.98,46.78,48.94,43649.87,2084025.5,Rise,2
990,2017-04-14,ETHUSD,49.77,50.0,46.52,47.2,84119.33,4024842.23,Fall,0
991,2017-04-13,ETHUSD,46.48,51.11,46.22,49.77,173020.62,8494580.05,Rise,2
992,2017-04-12,ETHUSD,43.83,47.88,43.58,46.48,123684.88,5618434.19,Fall,0
993,2017-04-11,ETHUSD,43.92,44.5,43.55,43.83,54986.75,2420789.78,Fall,0
994,2017-04-10,ETHUSD,43.92,44.65,42.72,43.92,68313.48,2978928.93,Stag,1
995,2017-04-09,ETHUSD,44.45,44.74,42.72,43.92,56522.72,2474395.44,Stag,1
996,2017-04-08,ETHUSD,42.32,45.5,42.31,44.45,78580.8,3500595.99,Rise,2
997,2017-04-07,ETHUSD,43.3,44.64,41.57,42.32,106373.33,4566968.25,Fall,0
998,2017-04-06,ETHUSD,44.78,45.97,41.1,43.3,171491.68,7464018.9,Rise,2
999,2017-04-05,ETHUSD,44.47,47.63,44.2,44.78,153140.72,7054235.32,Rise,2
1000,2017-04-04,ETHUSD,44.25,46.25,41.45,44.47,217773.83,9516955.39,Stag,1
1001,2017-04-03,ETHUSD,48.74,48.97,42.39,44.25,320838.99,14666813.46,Stag,1
1002,2017-04-02,ETHUSD,50.71,51.19,48.14,48.74,150042.64,7453149.87,Rise,2
1003,2017-04-01,ETHUSD,50.18,51.85,48.85,50.71,90500.08,4562219.23,Rise,2
1004,2017-03-31,ETHUSD,51.87,52.41,46.98,50.18,247518.46,12258616.13,Fall,0
1005,2017-03-30,ETHUSD,53.1,53.34,51.52,51.87,132517.91,6956979.32,Rise,2
1006,2017-03-29,ETHUSD,50.3,53.97,50.11,53.1,242466.46,12696297.27,Rise,2
1007,2017-03-28,ETHUSD,48.97,50.44,48.51,50.3,148100.51,7348122.31,Fall,0
1008,2017-03-27,ETHUSD,50.73,51.71,48.28,48.97,167688.47,8404872.05,Fall,0
1009,2017-03-26,ETHUSD,50.5,51.5,48.51,50.73,138810.77,6961266.89,Rise,2
1010,2017-03-25,ETHUSD,52.93,53.4,47.29,50.5,321381.11,16183488.6,Stag,1
1011,2017-03-24,ETHUSD,42.99,53.44,42.5,52.93,410838.4,19785456.56,Rise,2
1012,2017-03-23,ETHUSD,41.37,43.97,40.33,42.99,176095.67,7419929.65,Fall,0
1013,2017-03-22,ETHUSD,42.36,42.59,38.26,41.37,215074.73,8694763.41,Fall,0
1014,2017-03-21,ETHUSD,42.31,43.68,41.76,42.36,153365.51,6558176.59,Rise,2
1015,2017-03-20,ETHUSD,43.21,45.25,40.86,42.31,228423.36,9886785.64,Stag,1
1016,2017-03-19,ETHUSD,34.03,45.64,33.64,43.21,456278.75,18290571.59,Rise,2
1017,2017-03-18,ETHUSD,44.62,45.0,30.7,34.03,568891.39,21037389.23,Fall,0
1018,2017-03-17,ETHUSD,45.96,57.67,35.04,44.62,714087.72,33187742.19,Rise,2
1019,2017-03-16,ETHUSD,35.65,47.03,35.65,45.96,730115.9,29848110.67,Rise,2
1020,2017-03-15,ETHUSD,28.69,35.86,28.5,35.65,407951.45,13024043.77,Fall,0
1021,2017-03-14,ETHUSD,28.63,30.0,27.16,28.69,225827.62,6463914.73,Fall,0
1022,2017-03-13,ETHUSD,23.39,31.1,23.38,28.63,624529.57,17313033.21,Stag,1
1023,2017-03-12,ETHUSD,21.64,24.25,21.33,23.39,263530.04,5998303.82,Fall,0
1024,2017-03-11,ETHUSD,19.2,21.89,18.91,21.64,227081.01,4620772.87,Fall,0
1025,2017-03-10,ETHUSD,17.82,19.7,17.01,19.2,308771.31,5707738.07,Fall,0
1026,2017-03-09,ETHUSD,16.68,18.29,16.2,17.82,182290.07,3139630.97,Fall,0
1027,2017-03-08,ETHUSD,18.96,18.96,16.65,16.68,280369.05,4972148.41,Fall,0
1028,2017-03-07,ETHUSD,19.68,19.77,18.59,18.96,156647.94,3000705.32,Rise,2
1029,2017-03-06,ETHUSD,19.37,20.24,19.17,19.68,141862.26,2804985.76,Rise,2
1030,2017-03-05,ETHUSD,18.65,19.45,18.18,19.37,126250.85,2382207.51,Fall,0
1031,2017-03-04,ETHUSD,19.68,20.4,18.65,18.65,150668.49,2942700.62,Fall,0
1032,2017-03-03,ETHUSD,19.27,21.49,18.2,19.68,418054.19,8292701.24,Rise,2
1033,2017-03-02,ETHUSD,17.37,19.99,16.88,19.27,353316.15,6530061.52,Fall,0
1034,2017-03-01,ETHUSD,16.4,17.58,15.68,17.37,251573.29,4080210.08,Fall,0
1035,2017-02-28,ETHUSD,15.66,16.94,15.21,16.4,344427.99,5496235.97,Fall,0
1036,2017-02-27,ETHUSD,14.74,16.32,14.37,15.66,227368.74,3437218.12,Fall,0
1037,2017-02-26,ETHUSD,13.65,14.84,13.4,14.74,100635.82,1418191.22,Fall,0
1038,2017-02-25,ETHUSD,13.2,13.87,13.06,13.65,96768.93,1307178.81,Fall,0
1039,2017-02-24,ETHUSD,13.21,13.33,12.81,13.2,141491.9,1860597.64,Fall,0
1040,2017-02-23,ETHUSD,12.75,13.37,12.73,13.21,99246.56,1290646.25,Stag,1
1041,2017-02-22,ETHUSD,12.83,12.99,12.68,12.75,80632.75,1031954.05,Fall,0
1042,2017-02-21,ETHUSD,12.61,12.87,12.3,12.83,98509.52,1249472.69,Stag,1
1043,2017-02-20,ETHUSD,12.9,12.95,12.56,12.61,69567.33,893778.72,Fall,0
1044,2017-02-19,ETHUSD,12.89,12.95,12.79,12.9,34803.03,448524.09,Rise,2
1045,2017-02-18,ETHUSD,12.75,12.93,12.75,12.89,45243.07,581885.8,Stag,1
1046,2017-02-17,ETHUSD,12.89,12.95,12.71,12.75,90714.24,1163632.19,Fall,0
1047,2017-02-16,ETHUSD,12.98,13.03,12.62,12.89,88431.49,1133886.62,Rise,2
1048,2017-02-15,ETHUSD,13.02,14.0,12.66,12.98,128207.3,1662522.93,Stag,1
1049,2017-02-14,ETHUSD,11.44,14.7,11.39,13.02,234876.32,2938787.27,Stag,1
1050,2017-02-13,ETHUSD,11.48,11.54,11.21,11.44,49178.09,559274.36,Fall,0
1051,2017-02-12,ETHUSD,11.49,11.54,11.4,11.48,23063.54,264674.2,Stag,1
1052,2017-02-11,ETHUSD,11.38,11.5,11.34,11.49,35279.96,403164.61,Stag,1
1053,2017-02-10,ETHUSD,10.99,11.48,10.88,11.38,68704.08,768879.39,Fall,0
1054,2017-02-09,ETHUSD,11.45,11.54,10.61,10.99,111383.23,1229309.94,Fall,0
1055,2017-02-08,ETHUSD,11.49,11.65,11.15,11.45,88301.88,1006729.73,Rise,2
1056,2017-02-07,ETHUSD,11.34,11.59,11.29,11.49,56217.1,643851.89,Stag,1
1057,2017-02-06,ETHUSD,11.29,11.42,11.22,11.34,45016.88,509447.54,Fall,0
1058,2017-02-05,ETHUSD,11.42,11.44,11.15,11.29,40199.13,453748.39,Stag,1
1059,2017-02-04,ETHUSD,10.95,11.45,10.94,11.42,85693.75,965965.73,Rise,2
1060,2017-02-03,ETHUSD,10.82,10.95,10.67,10.95,49201.44,531755.42,Fall,0
1061,2017-02-02,ETHUSD,10.73,10.86,10.62,10.82,47862.16,513774.84,Fall,0
1062,2017-02-01,ETHUSD,10.74,10.86,10.51,10.73,58999.83,630953.69,Fall,0
1063,2017-01-31,ETHUSD,10.59,10.79,10.58,10.74,38762.79,413350.16,Stag,1
1064,2017-01-30,ETHUSD,10.5,10.71,10.37,10.59,41621.54,437746.54,Fall,0
1065,2017-01-29,ETHUSD,10.57,10.58,10.46,10.5,17940.18,189086.3,Fall,0
1066,2017-01-28,ETHUSD,10.51,10.58,10.47,10.57,26141.66,275287.46,Stag,1
1067,2017-01-27,ETHUSD,10.66,10.67,10.42,10.51,45753.98,481848.22,Stag,1
1068,2017-01-26,ETHUSD,10.52,10.66,10.5,10.66,42966.6,454473.45,Rise,2
1069,2017-01-25,ETHUSD,10.51,10.66,10.43,10.52,41493.67,437457.96,Fall,0
1070,2017-01-24,ETHUSD,10.79,10.92,10.51,10.51,50346.28,536371.79,Stag,1
1071,2017-01-23,ETHUSD,10.78,10.85,10.65,10.79,37450.63,403154.84,Rise,2
1072,2017-01-22,ETHUSD,10.99,11.07,10.66,10.78,48319.33,525789.51,Stag,1
1073,2017-01-21,ETHUSD,10.65,11.06,10.58,10.99,58646.7,635251.37,Rise,2
1074,2017-01-20,ETHUSD,10.47,10.81,10.42,10.65,60007.76,637465.38,Fall,0
1075,2017-01-19,ETHUSD,10.23,10.5,10.18,10.47,46097.26,477203.58,Fall,0
1076,2017-01-18,ETHUSD,10.2,10.51,9.99,10.23,62085.98,635612.04,Fall,0
1077,2017-01-17,ETHUSD,9.62,10.53,9.62,10.2,69235.88,705202.76,Stag,1
1078,2017-01-16,ETHUSD,9.95,10.23,9.56,9.62,59203.77,580658.15,Fall,0
1079,2017-01-15,ETHUSD,9.85,10.05,9.8,9.95,26342.6,261429.64,Rise,2
1080,2017-01-14,ETHUSD,9.79,9.94,9.69,9.85,36466.57,357369.07,Fall,0
1081,2017-01-13,ETHUSD,9.89,9.91,9.51,9.79,75160.15,727665.4,Stag,1
1082,2017-01-12,ETHUSD,9.9,10.4,9.12,9.89,79325.95,767211.3,Rise,2
1083,2017-01-11,ETHUSD,10.66,10.84,9.47,9.9,136012.38,1369411.64,Stag,1
1084,2017-01-10,ETHUSD,10.37,10.75,10.34,10.66,53708.47,569251.05,Rise,2
1085,2017-01-09,ETHUSD,10.44,10.94,10.23,10.37,70750.14,750906.37,Fall,0
1086,2017-01-08,ETHUSD,9.96,10.58,9.89,10.44,60801.43,622028.4,Stag,1
1087,2017-01-07,ETHUSD,10.13,10.21,9.58,9.96,66199.34,655263.79,Fall,0
1088,2017-01-06,ETHUSD,10.28,10.46,9.52,10.13,138104.31,1390099.98,Rise,2
1089,2017-01-05,ETHUSD,10.98,11.8,9.08,10.28,309761.56,3301868.66,Rise,2
1090,2017-01-04,ETHUSD,9.69,10.99,9.34,10.98,240108.54,2520314.73,Rise,2
1091,2017-01-03,ETHUSD,8.36,10.02,8.24,9.69,186381.64,1727093.22,Fall,0
1092,2017-01-02,ETHUSD,8.18,8.53,8.05,8.36,69677.68,576281.05,Fall,0
1093,2017-01-01,ETHUSD,8.13,8.6,8.08,8.18,59493.79,494058.62,Fall,0
1094,2016-12-31,ETHUSD,8.22,8.29,8.0,8.13,42604.11,345489.04,Stag,1
1095,2016-12-30,ETHUSD,8.29,8.52,8.01,8.22,68694.29,569292.34,Rise,2
1096,2016-12-29,ETHUSD,7.62,8.53,7.58,8.29,146158.7,1193400.15,Rise,2
1097,2016-12-28,ETHUSD,7.16,7.72,7.05,7.62,94309.02,693301.5,Fall,0
1098,2016-12-27,ETHUSD,7.23,7.37,7.05,7.16,44686.29,321652.14,Fall,0
1099,2016-12-26,ETHUSD,7.22,7.33,7.02,7.23,26968.38,194829.13,Rise,2
1100,2016-12-25,ETHUSD,7.24,7.34,7.12,7.22,25909.14,186997.54,Stag,1
1101,2016-12-24,ETHUSD,7.18,7.46,7.01,7.24,30547.09,222362.53,Stag,1
1102,2016-12-23,ETHUSD,7.65,7.67,7.04,7.18,96220.41,708517.98,Fall,0
1103,2016-12-22,ETHUSD,7.88,7.95,7.5,7.65,84291.82,646148.32,Rise,2
1104,2016-12-21,ETHUSD,7.58,7.97,7.58,7.88,46425.49,362704.2,Rise,2
1105,2016-12-20,ETHUSD,7.62,7.77,7.55,7.58,29862.69,228186.17,Fall,0
1106,2016-12-19,ETHUSD,7.94,7.95,7.57,7.62,39547.57,308122.73,Stag,1
1107,2016-12-18,ETHUSD,7.68,7.97,7.68,7.94,22625.38,177946.56,Rise,2
1108,2016-12-17,ETHUSD,7.89,7.9,7.51,7.68,36896.29,283252.59,Fall,0
1109,2016-12-16,ETHUSD,7.77,7.95,7.77,7.89,32425.44,254421.75,Rise,2
1110,2016-12-15,ETHUSD,8.26,8.32,7.64,7.77,75000.43,598430.15,Fall,0
1111,2016-12-14,ETHUSD,8.4,8.48,8.22,8.26,33422.27,279642.06,Rise,2
1112,2016-12-13,ETHUSD,8.49,8.57,8.35,8.4,37648.68,318236.02,Rise,2
1113,2016-12-12,ETHUSD,8.25,8.62,8.18,8.49,43335.74,364335.73,Rise,2
1114,2016-12-11,ETHUSD,8.12,8.26,8.11,8.25,21536.23,176639.09,Fall,0
1115,2016-12-10,ETHUSD,8.55,8.55,8.04,8.12,45391.72,375676.39,Fall,0
1116,2016-12-09,ETHUSD,8.27,8.65,7.97,8.55,60071.95,502456.5,Rise,2
1117,2016-12-08,ETHUSD,8.37,8.95,8.22,8.27,67714.48,575754.13,Fall,0
1118,2016-12-07,ETHUSD,7.71,8.6,7.71,8.37,46875.49,385565.99,Rise,2
1119,2016-12-06,ETHUSD,6.69,7.11,6.41,6.81,47706.85,320854.59,Fall,0
1120,2016-12-05,ETHUSD,7.54,7.58,6.56,6.69,95587.37,680001.88,Fall,0
1121,2016-12-04,ETHUSD,7.9,7.95,7.43,7.54,42711.41,328632.2,Rise,2
1122,2016-12-03,ETHUSD,7.68,8.12,7.34,7.9,58289.52,456900.49,Rise,2
1123,2016-12-02,ETHUSD,8.46,8.47,7.27,7.68,116181.65,910277.73,Fall,0
1124,2016-12-01,ETHUSD,8.63,8.68,8.3,8.46,43101.87,364337.42,Rise,2
1125,2016-11-30,ETHUSD,8.19,8.75,8.14,8.63,56318.84,477993.39,Rise,2
1126,2016-11-29,ETHUSD,8.66,8.72,7.79,8.19,84595.13,694478.36,Fall,0
1127,2016-11-28,ETHUSD,8.9,9.0,8.63,8.66,46102.71,403748.59,Rise,2
1128,2016-11-27,ETHUSD,9.34,9.34,8.66,8.9,61083.47,547128.12,Rise,2
1129,2016-11-26,ETHUSD,9.4,9.48,9.26,9.34,18214.99,170393.48,Rise,2
1130,2016-11-25,ETHUSD,9.21,9.74,9.16,9.4,24496.71,230892.74,Stag,1
1131,2016-11-24,ETHUSD,9.8,9.82,8.68,9.21,64049.63,595308.73,Fall,0
1132,2016-11-23,ETHUSD,9.83,9.93,9.73,9.8,22154.47,217902.68,Rise,2
1133,2016-11-22,ETHUSD,9.53,10.21,9.49,9.83,37365.82,367658.98,Stag,1
1134,2016-11-21,ETHUSD,9.6,9.65,9.41,9.53,28990.25,276799.18,Fall,0
1135,2016-11-20,ETHUSD,9.71,9.78,9.52,9.6,25176.99,242459.32,Rise,2
1136,2016-11-19,ETHUSD,9.53,9.78,9.45,9.71,26967.97,259671.2,Rise,2
1137,2016-11-18,ETHUSD,9.98,9.98,9.45,9.53,54539.8,526535.47,Fall,0
1138,2016-11-17,ETHUSD,10.02,10.13,9.8,9.98,47840.4,477120.56,Rise,2
1139,2016-11-16,ETHUSD,10.28,10.42,9.82,10.02,42250.29,429620.15,Stag,1
1140,2016-11-15,ETHUSD,10.03,10.3,9.81,10.28,30136.06,304636.4,Rise,2
1141,2016-11-14,ETHUSD,10.14,10.19,9.93,10.03,30934.5,311059.6,Fall,0
1142,2016-11-13,ETHUSD,9.96,10.41,9.65,10.14,29006.07,291002.06,Rise,2
1143,2016-11-12,ETHUSD,10.31,10.34,9.67,9.96,42103.64,422820.75,Fall,0
1144,2016-11-11,ETHUSD,10.52,10.71,10.16,10.31,43185.33,449482.67,Rise,2
1145,2016-11-10,ETHUSD,10.66,10.68,10.44,10.52,26327.63,278479.24,Rise,2
1146,2016-11-09,ETHUSD,10.86,10.86,10.28,10.66,76390.23,810817.47,Rise,2
1147,2016-11-08,ETHUSD,10.94,11.01,10.81,10.86,39073.8,425634.43,Rise,2
1148,2016-11-07,ETHUSD,11.02,11.06,10.91,10.94,26659.97,292436.87,Rise,2
1149,2016-11-06,ETHUSD,11.16,11.2,10.92,11.02,20641.26,227864.33,Rise,2
1150,2016-11-05,ETHUSD,11.15,11.24,11.01,11.16,21746.4,242057.6,Rise,2
1151,2016-11-04,ETHUSD,10.88,11.15,10.81,11.15,33755.55,371719.48,Stag,1
1152,2016-11-03,ETHUSD,10.83,11.14,10.77,10.88,51350.07,561271.86,Fall,0
1153,2016-11-02,ETHUSD,10.79,11.17,10.72,10.83,38938.13,425124.05,Stag,1
1154,2016-11-01,ETHUSD,10.95,11.24,10.35,10.79,70151.2,752055.26,Stag,1
1155,2016-10-31,ETHUSD,11.22,11.44,10.85,10.95,35056.52,390366.38,Rise,2
1156,2016-10-30,ETHUSD,10.43,11.45,10.35,11.22,41977.21,454027.03,Rise,2
1157,2016-10-29,ETHUSD,11.1,11.35,9.52,10.43,86942.69,910824.54,Fall,0
1158,2016-10-28,ETHUSD,11.43,11.63,10.93,11.1,50124.99,563547.91,Rise,2
1159,2016-10-27,ETHUSD,11.5,11.57,11.22,11.43,42811.32,489143.84,Rise,2
1160,2016-10-26,ETHUSD,11.32,11.7,11.28,11.5,41652.63,479974.1,Stag,1
1161,2016-10-25,ETHUSD,11.9,11.95,11.05,11.32,72129.63,828602.98,Fall,0
1162,2016-10-24,ETHUSD,11.92,11.99,11.89,11.9,21117.33,252158.88,Rise,2
1163,2016-10-23,ETHUSD,12.04,12.06,11.87,11.92,19686.11,235536.79,Stag,1
1164,2016-10-22,ETHUSD,12.05,12.14,11.87,12.04,25762.92,309486.31,Rise,2
1165,2016-10-21,ETHUSD,12.03,12.13,11.96,12.05,19202.07,231349.08,Stag,1
1166,2016-10-20,ETHUSD,11.97,12.26,11.92,12.03,30223.82,364845.02,Stag,1
1167,2016-10-19,ETHUSD,12.53,12.65,11.88,11.97,39494.74,481313.07,Stag,1
1168,2016-10-18,ETHUSD,11.97,12.94,11.91,12.53,46583.18,583173.3,Rise,2
1169,2016-10-17,ETHUSD,11.94,11.99,11.83,11.97,29110.6,346677.44,Fall,0
1170,2016-10-16,ETHUSD,11.95,12.05,11.9,11.94,15411.22,184498.14,Stag,1
1171,2016-10-15,ETHUSD,11.9,11.97,11.78,11.95,21439.53,253897.8,Stag,1
1172,2016-10-14,ETHUSD,12.05,12.07,11.84,11.9,39154.1,468016.36,Stag,1
1173,2016-10-13,ETHUSD,11.77,12.11,11.72,12.05,31713.6,378163.97,Rise,2
1174,2016-10-12,ETHUSD,11.76,12.11,11.68,11.77,35232.03,417156.84,Fall,0
1175,2016-10-11,ETHUSD,11.78,12.24,11.7,11.76,37042.12,442409.87,Stag,1
1176,2016-10-10,ETHUSD,12.05,12.18,11.62,11.78,47080.88,558357.25,Stag,1
1177,2016-10-09,ETHUSD,12.28,12.43,12.02,12.05,24668.77,300398.5,Rise,2
1178,2016-10-08,ETHUSD,12.69,12.74,12.06,12.28,33724.29,417259.1,Rise,2
1179,2016-10-07,ETHUSD,12.87,13.08,12.5,12.69,52947.36,673373.41,Rise,2
1180,2016-10-06,ETHUSD,13.1,13.18,12.68,12.87,48924.89,633446.44,Rise,2
1181,2016-10-05,ETHUSD,13.34,13.45,13.1,13.1,36204.22,480585.69,Rise,2
1182,2016-10-04,ETHUSD,13.52,13.58,13.24,13.34,53980.62,725294.13,Rise,2
1183,2016-10-03,ETHUSD,13.28,13.56,13.25,13.52,35524.38,474831.78,Rise,2
1184,2016-10-02,ETHUSD,13.24,13.31,13.19,13.28,20286.88,269204.41,Fall,0
1185,2016-10-01,ETHUSD,13.24,13.31,13.09,13.24,31926.29,421455.89,Stag,1
1186,2016-09-30,ETHUSD,13.18,13.39,13.08,13.24,34957.43,463147.69,Stag,1
1187,2016-09-29,ETHUSD,13.31,13.39,13.1,13.18,34644.4,457136.92,Stag,1
1188,2016-09-28,ETHUSD,13.11,13.58,13.09,13.31,43345.64,578657.94,Rise,2
1189,2016-09-27,ETHUSD,12.88,13.25,12.83,13.11,27757.2,362974.48,Fall,0
1190,2016-09-26,ETHUSD,13.07,13.15,12.83,12.88,23475.27,304283.73,Fall,0
1191,2016-09-25,ETHUSD,12.94,13.18,12.8,13.07,19337.69,251495.17,Rise,2
1192,2016-09-24,ETHUSD,13.36,13.41,12.62,12.94,36956.47,479447.22,Fall,0
1193,2016-09-23,ETHUSD,13.1,13.45,13.1,13.36,25589.46,341499.52,Rise,2
1194,2016-09-22,ETHUSD,13.71,13.89,12.33,13.1,70006.03,913658.53,Fall,0
1195,2016-09-21,ETHUSD,15.09,15.25,13.16,13.71,90366.73,1277839.59,Rise,2
1196,2016-09-20,ETHUSD,12.92,15.13,12.92,15.09,101670.03,1405428.92,Rise,2
1197,2016-09-19,ETHUSD,12.58,13.2,12.57,12.92,34556.46,446774.78,Fall,0
1198,2016-09-18,ETHUSD,12.88,12.98,12.33,12.58,54712.42,695585.11,Fall,0
1199,2016-09-17,ETHUSD,12.6,12.99,12.41,12.88,32860.58,417390.13,Rise,2
1200,2016-09-16,ETHUSD,11.96,12.76,11.86,12.6,56556.87,696618.19,Fall,0
1201,2016-09-15,ETHUSD,11.93,12.1,11.9,11.96,22297.35,267644.26,Fall,0
1202,2016-09-14,ETHUSD,11.92,12.03,11.8,11.93,24430.16,291608.15,Stag,1
1203,2016-09-13,ETHUSD,11.87,12.08,11.84,11.92,29060.43,348402.1,Stag,1
1204,2016-09-12,ETHUSD,11.64,11.95,11.64,11.87,20651.61,243496.83,Stag,1
1205,2016-09-11,ETHUSD,12.07,12.21,11.6,11.64,27312.35,325151.28,Fall,0
1206,2016-09-10,ETHUSD,11.61,12.07,11.55,12.07,18320.13,214832.59,Rise,2
1207,2016-09-09,ETHUSD,11.42,11.69,11.34,11.61,21410.51,247578.18,Fall,0
1208,2016-09-08,ETHUSD,11.6,11.7,11.31,11.42,31887.78,365353.9,Fall,0
1209,2016-09-07,ETHUSD,11.73,11.9,11.53,11.6,33740.93,393487.14,Rise,2
1210,2016-09-06,ETHUSD,11.77,11.77,11.5,11.73,26580.55,309379.3,Rise,2
1211,2016-09-05,ETHUSD,11.76,11.84,11.62,11.77,14026.67,164614.3,Stag,1
1212,2016-09-04,ETHUSD,11.83,11.9,11.54,11.76,19353.76,227150.01,Stag,1
1213,2016-09-03,ETHUSD,12.11,12.47,11.6,11.83,37128.37,443042.48,Stag,1
1214,2016-09-02,ETHUSD,12.24,12.35,11.95,12.11,43871.51,532302.29,Rise,2
1215,2016-09-01,ETHUSD,11.52,12.5,11.52,12.24,84876.65,1026327.84,Rise,2
1216,2016-08-31,ETHUSD,11.2,11.53,11.09,11.52,36187.64,411082.87,Fall,0
1217,2016-08-30,ETHUSD,10.95,11.25,10.95,11.2,25615.97,285024.88,Fall,0
1218,2016-08-29,ETHUSD,10.98,11.16,10.8,10.95,33061.33,361476.29,Fall,0
1219,2016-08-28,ETHUSD,11.21,11.22,10.98,10.98,17866.23,197944.62,Stag,1
1220,2016-08-27,ETHUSD,11.29,11.3,11.17,11.21,19407.52,217997.6,Rise,2
1221,2016-08-26,ETHUSD,11.34,11.47,11.2,11.29,27567.11,311916.84,Rise,2
1222,2016-08-25,ETHUSD,11.0,11.34,10.99,11.34,28341.96,317571.2,Stag,1
1223,2016-08-24,ETHUSD,10.98,11.16,10.98,11.0,24080.06,266356.65,Fall,0
1224,2016-08-23,ETHUSD,11.08,11.2,10.85,10.98,32619.53,359402.76,Stag,1
1225,2016-08-22,ETHUSD,11.17,11.34,11.04,11.08,36062.83,404540.54,Rise,2
1226,2016-08-21,ETHUSD,11.31,11.32,10.98,11.17,17897.44,199217.45,Rise,2
1227,2016-08-20,ETHUSD,10.73,11.37,10.7,11.31,35260.07,392463.4,Rise,2
1228,2016-08-19,ETHUSD,10.77,10.86,10.65,10.73,28732.12,309823.9,Fall,0
1229,2016-08-18,ETHUSD,10.79,11.06,10.76,10.77,35887.01,391209.57,Stag,1
1230,2016-08-17,ETHUSD,11.18,11.26,10.69,10.79,39790.65,435573.53,Stag,1
1231,2016-08-16,ETHUSD,11.22,11.49,11.0,11.18,51581.45,573793.01,Rise,2
1232,2016-08-15,ETHUSD,11.29,11.52,11.02,11.22,32328.91,361830.4,Stag,1
1233,2016-08-14,ETHUSD,11.59,11.76,11.2,11.29,25914.82,296885.34,Stag,1
1234,2016-08-13,ETHUSD,11.82,11.86,11.54,11.59,28160.61,330244.84,Rise,2
1235,2016-08-12,ETHUSD,11.73,12.08,11.65,11.82,29525.34,350447.66,Rise,2
1236,2016-08-11,ETHUSD,12.25,12.39,11.6,11.73,55585.22,662172.86,Fall,0
1237,2016-08-10,ETHUSD,12.31,12.91,11.87,12.25,146769.49,1805041.92,Rise,2
1238,2016-08-09,ETHUSD,11.34,12.48,11.24,12.31,83827.0,998938.88,Stag,1
1239,2016-08-08,ETHUSD,11.05,11.42,10.94,11.34,30466.37,338209.87,Fall,0
1240,2016-08-07,ETHUSD,10.99,11.25,10.84,11.05,30423.9,335545.92,Fall,0
1241,2016-08-06,ETHUSD,11.18,11.24,10.42,10.99,34629.61,377156.03,Stag,1
1242,2016-08-05,ETHUSD,11.31,11.4,10.81,11.18,46720.03,521997.09,Rise,2
1243,2016-08-04,ETHUSD,10.7,11.55,10.42,11.31,101792.83,1125384.75,Rise,2
1244,2016-08-03,ETHUSD,8.46,10.78,8.09,10.7,216803.56,2138637.67,Fall,0
1245,2016-08-02,ETHUSD,11.02,11.31,6.68,8.46,193498.37,1877009.59,Fall,0
1246,2016-08-01,ETHUSD,11.89,12.12,11.0,11.02,88422.24,1015397.95,Rise,2
1247,2016-07-31,ETHUSD,12.6,12.67,11.61,11.89,56314.3,683933.51,Rise,2
1248,2016-07-30,ETHUSD,12.9,12.9,12.55,12.6,37767.95,481455.69,Rise,2
1249,2016-07-29,ETHUSD,12.95,12.98,12.57,12.9,53815.38,686795.14,Rise,2
1250,2016-07-28,ETHUSD,13.14,13.14,12.53,12.95,66922.79,858173.96,Stag,1
1251,2016-07-27,ETHUSD,12.1,13.4,11.75,13.14,115692.4,1453310.66,Rise,2
1252,2016-07-26,ETHUSD,14.0,14.01,11.92,12.1,161498.61,2048560.56,Fall,0
1253,2016-07-25,ETHUSD,12.66,14.0,12.56,14.0,92702.64,1241681.71,Rise,2
1254,2016-07-24,ETHUSD,14.5,14.6,12.05,12.66,139529.33,1836976.95,Fall,0
1255,2016-07-23,ETHUSD,14.99,15.39,14.0,14.5,122836.41,1803112.53,Rise,2
1256,2016-07-22,ETHUSD,12.84,15.0,12.73,14.99,191777.76,2678035.96,Rise,2
1257,2016-07-21,ETHUSD,12.58,13.09,12.1,12.84,71786.16,917191.68,Fall,0
1258,2016-07-20,ETHUSD,11.69,13.0,11.22,12.58,38321.88,472248.84,Fall,0
1259,2016-07-19,ETHUSD,11.15,11.98,11.03,11.69,7874.88,90324.43,Fall,0
1260,2016-07-18,ETHUSD,11.31,11.93,11.0,11.15,15178.86,172749.32,Fall,0
1261,2016-07-17,ETHUSD,11.91,11.92,11.02,11.31,11449.78,130318.26,Rise,2
1262,2016-07-16,ETHUSD,12.0,12.4,11.8,11.91,7523.89,90180.86,Rise,2
1263,2016-07-15,ETHUSD,11.68,12.75,11.36,12.0,24795.42,301973.25,Rise,2
1264,2016-07-14,ETHUSD,10.5,11.78,10.33,11.68,24023.93,268878.96,Fall,0
1265,2016-07-13,ETHUSD,10.52,10.65,10.49,10.5,5540.36,58480.48,Fall,0
1266,2016-07-12,ETHUSD,10.68,10.98,10.5,10.52,13903.14,148530.79,Stag,1
1267,2016-07-11,ETHUSD,11.02,11.16,10.11,10.68,10893.75,116212.43,Rise,2
1268,2016-07-10,ETHUSD,11.0,11.3,10.9,11.02,9647.39,106589.02,Rise,2
1269,2016-07-09,ETHUSD,11.22,11.57,10.68,11.0,9092.21,100852.1,Stag,1
1270,2016-07-08,ETHUSD,10.08,11.8,10.05,11.22,27964.91,305714.65,Rise,2
1271,2016-07-07,ETHUSD,10.59,10.7,9.75,10.08,20921.16,210156.3,Fall,0
1272,2016-07-06,ETHUSD,10.5,11.0,10.24,10.59,14605.23,154142.82,Rise,2
1273,2016-07-05,ETHUSD,11.43,11.48,9.31,10.5,34353.15,348385.71,Fall,0
1274,2016-07-04,ETHUSD,11.99,12.02,11.41,11.43,5278.27,61069.63,Rise,2
1275,2016-07-03,ETHUSD,12.16,12.16,11.65,11.99,12186.5,144805.86,Rise,2
1276,2016-07-02,ETHUSD,12.3,12.45,12.0,12.16,11562.02,140575.03,Rise,2
1277,2016-07-01,ETHUSD,12.49,12.54,11.8,12.3,19132.21,233295.09,Rise,2
1278,2016-06-30,ETHUSD,12.81,13.06,12.19,12.49,14560.12,182893.14,Rise,2
1279,2016-06-29,ETHUSD,12.17,13.13,11.62,12.81,23679.15,291315.39,Rise,2
1280,2016-06-28,ETHUSD,14.07,14.25,11.52,12.17,42160.13,536610.13,Fall,0
1281,2016-06-27,ETHUSD,14.04,14.59,13.6,14.07,11846.86,167372.59,Rise,2
1282,2016-06-26,ETHUSD,14.39,14.49,13.75,14.04,5726.83,80358.56,Stag,1
1283,2016-06-25,ETHUSD,14.52,14.74,14.0,14.39,10391.12,150523.13,Rise,2
1284,2016-06-24,ETHUSD,13.87,14.8,13.25,14.52,33067.56,465788.3,Rise,2
1285,2016-06-23,ETHUSD,13.35,14.5,12.68,13.87,35402.07,472302.04,Fall,0
1286,2016-06-22,ETHUSD,12.8,15.89,12.76,13.35,65589.9,937751.6,Fall,0
1287,2016-06-21,ETHUSD,11.8,12.8,11.2,12.8,31632.08,383368.4,Fall,0
1288,2016-06-20,ETHUSD,12.36,12.74,10.8,11.8,32647.05,383026.97,Fall,0
1289,2016-06-19,ETHUSD,11.55,13.4,10.72,12.36,30892.52,370778.28,Rise,2
1290,2016-06-18,ETHUSD,15.75,15.75,10.0,11.55,79296.12,977144.59,Fall,0
1291,2016-06-17,ETHUSD,21.09,22.0,13.75,15.75,122187.18,2046737.16,Rise,2
1292,2016-06-16,ETHUSD,18.58,21.35,18.42,21.09,32005.03,635952.27,Rise,2
1293,2016-06-15,ETHUSD,18.7,18.81,17.89,18.58,13471.3,249416.27,Fall,0
1294,2016-06-14,ETHUSD,17.9,19.08,16.96,18.7,34698.03,625567.59,Stag,1
1295,2016-06-13,ETHUSD,15.9,17.93,15.49,17.9,24221.67,411340.35,Fall,0
1296,2016-06-12,ETHUSD,14.1,15.9,13.92,15.9,20750.08,309647.42,Fall,0
1297,2016-06-11,ETHUSD,14.11,14.29,13.86,14.1,7305.84,102532.3,Fall,0
1298,2016-06-10,ETHUSD,14.71,14.74,13.76,14.11,16995.71,242199.34,Stag,1
1299,2016-06-09,ETHUSD,14.61,14.85,14.55,14.71,8848.44,129706.89,Rise,2
1300,2016-06-08,ETHUSD,14.65,14.87,14.4,14.61,12109.89,177565.8,Stag,1
1301,2016-06-07,ETHUSD,14.22,14.69,13.97,14.65,12603.05,179454.21,Stag,1
1302,2016-06-06,ETHUSD,14.04,14.3,13.83,14.22,5069.23,71184.96,Fall,0
1303,2016-06-05,ETHUSD,13.81,14.06,13.8,14.04,2107.55,29378.03,Fall,0
1304,2016-06-04,ETHUSD,13.88,14.03,13.56,13.81,6130.33,84986.59,Fall,0
1305,2016-06-03,ETHUSD,14.02,14.12,13.49,13.88,12207.16,168475.99,Stag,1
1306,2016-06-02,ETHUSD,13.93,14.18,13.76,14.02,8048.39,112783.07,Rise,2
1307,2016-06-01,ETHUSD,14.0,14.45,13.5,13.93,10369.02,145746.12,Stag,1
1308,2016-05-31,ETHUSD,12.41,14.24,12.37,14.0,5654.91,76994.75,Stag,1
1309,2016-05-30,ETHUSD,12.34,12.88,12.0,12.41,4110.59,51655.95,Fall,0
1310,2016-05-29,ETHUSD,11.93,12.49,11.65,12.34,3481.3,42228.37,Stag,1
1311,2016-05-28,ETHUSD,11.25,12.44,10.7,11.93,15810.34,180822.02,Fall,0
1312,2016-05-27,ETHUSD,11.98,11.98,10.25,11.25,13749.03,151147.98,,0
